id,title,year,journal,doi,local_pdf_paths,storage_buckets,read_status
local:01__a-framework-for-encrypted-traffic-classification-with-decoupled-yet-aligned-information-representation,01 a framework for encrypted traffic classification with decoupled yet aligned information representation,,,,/home/syncxxx/Documents/PacketAnalysis/05_recent_papers/selected_traffic_semantic_mapping/ieee-access/01__a-framework-for-encrypted-traffic-classification-with-decoupled-yet-aligned-information-representation.pdf,selected_traffic_semantic_mapping,书目盘点；重点阅读范围见索引
local:01__aff-cge-combined-attention-aware-feature-fusion-and-communication-graph-embedding-learning-for-detecting-,01 aff cge combined attention aware feature fusion and communication graph embedding learning for detecting ,,,,/home/syncxxx/Documents/PacketAnalysis/05_recent_papers/selected_traffic_semantic_mapping/applied-sciences-basel/01__aff-cge-combined-attention-aware-feature-fusion-and-communication-graph-embedding-learning-for-detecting-.pdf,selected_traffic_semantic_mapping,书目盘点；重点阅读范围见索引
local:01__lambert-leveraging-attention-mechanisms-to-improve-the-bert-fine-tuning-model-for-encrypted-traffic-class,01 lambert leveraging attention mechanisms to improve the bert fine tuning model for encrypted traffic class,,,,/home/syncxxx/Documents/PacketAnalysis/05_recent_papers/selected_traffic_semantic_mapping/mathematics/01__lambert-leveraging-attention-mechanisms-to-improve-the-bert-fine-tuning-model-for-encrypted-traffic-class.pdf,selected_traffic_semantic_mapping,书目盘点；重点阅读范围见索引
local:01__transgraphnet-robust-detection-of-malicious-encrypted-network-traffic-via-transformer-and-graph-neural-mo,01 transgraphnet robust detection of malicious encrypted network traffic via transformer and graph neural mo,,,,/home/syncxxx/Documents/PacketAnalysis/05_recent_papers/selected_traffic_semantic_mapping/peerj-computer-science/01__transgraphnet-robust-detection-of-malicious-encrypted-network-traffic-via-transformer-and-graph-neural-mo.pdf,selected_traffic_semantic_mapping,书目盘点；重点阅读范围见索引
local:02__cla-bert-a-hybrid-model-for-accurate-encrypted-traffic-classification-by-combining-packet-and-byte-level-,02 cla bert a hybrid model for accurate encrypted traffic classification by combining packet and byte level ,,,,/home/syncxxx/Documents/PacketAnalysis/05_recent_papers/selected_traffic_semantic_mapping/mathematics/02__cla-bert-a-hybrid-model-for-accurate-encrypted-traffic-classification-by-combining-packet-and-byte-level-.pdf,selected_traffic_semantic_mapping,书目盘点；重点阅读范围见索引
local:02__multi-level-pre-training-for-encrypted-network-traffic-classification,02 multi level pre training for encrypted network traffic classification,,,,/home/syncxxx/Documents/PacketAnalysis/05_recent_papers/selected_traffic_semantic_mapping/ieee-access/02__multi-level-pre-training-for-encrypted-network-traffic-classification.pdf,selected_traffic_semantic_mapping,书目盘点；重点阅读范围见索引
local:02__transformer-ddqn-based-explainable-and-active-intrusion-detection-architecture-for-network-traffic-analys,02 transformer ddqn based explainable and active intrusion detection architecture for network traffic analys,,,,/home/syncxxx/Documents/PacketAnalysis/05_recent_papers/selected_traffic_semantic_mapping/applied-sciences-basel/02__transformer-ddqn-based-explainable-and-active-intrusion-detection-architecture-for-network-traffic-analys.pdf,selected_traffic_semantic_mapping,书目盘点；重点阅读范围见索引
local:03__cgf-net-a-multi-view-contrastive-learning-model-for-encrypted-traffic-classification,03 cgf net a multi view contrastive learning model for encrypted traffic classification,,,,/home/syncxxx/Documents/PacketAnalysis/05_recent_papers/selected_traffic_semantic_mapping/electronics/03__cgf-net-a-multi-view-contrastive-learning-model-for-encrypted-traffic-classification.pdf,selected_traffic_semantic_mapping,书目盘点；重点阅读范围见索引
local:03__multimodal-spatiotemporal-collaborative-approach-for-network-traffic-anomaly-detection,03 multimodal spatiotemporal collaborative approach for network traffic anomaly detection,,,,/home/syncxxx/Documents/PacketAnalysis/05_recent_papers/selected_traffic_semantic_mapping/ieee-access/03__multimodal-spatiotemporal-collaborative-approach-for-network-traffic-anomaly-detection.pdf,selected_traffic_semantic_mapping,书目盘点；重点阅读范围见索引
local:03__semi-2dcae-a-semi-supervision-2d-cnn-autoencoder-model-for-feature-representation-and-classification-of-e,03 semi 2dcae a semi supervision 2d cnn autoencoder model for feature representation and classification of e,,,,/home/syncxxx/Documents/PacketAnalysis/05_recent_papers/selected_traffic_semantic_mapping/peerj-computer-science/03__semi-2dcae-a-semi-supervision-2d-cnn-autoencoder-model-for-feature-representation-and-classification-of-e.pdf,selected_traffic_semantic_mapping,书目盘点；重点阅读范围见索引
local:03__transeca-net-a-transformer-based-model-for-encrypted-traffic-classification,03 transeca net a transformer based model for encrypted traffic classification,,,,/home/syncxxx/Documents/PacketAnalysis/05_recent_papers/selected_traffic_semantic_mapping/applied-sciences-basel/03__transeca-net-a-transformer-based-model-for-encrypted-traffic-classification.pdf,selected_traffic_semantic_mapping,书目盘点；重点阅读范围见索引
local:04__a-lightweight-network-for-encrypted-traffic-classification-based-on-convolutional-positional-encoding-and,04 a lightweight network for encrypted traffic classification based on convolutional positional encoding and,,,,/home/syncxxx/Documents/PacketAnalysis/05_recent_papers/selected_traffic_semantic_mapping/electronics/04__a-lightweight-network-for-encrypted-traffic-classification-based-on-convolutional-positional-encoding-and.pdf,selected_traffic_semantic_mapping,书目盘点；重点阅读范围见索引
local:04__hybrid-model-for-network-traffic-anomaly-detection-based-on-parallel-two-stage-feature-fusion,04 hybrid model for network traffic anomaly detection based on parallel two stage feature fusion,,,,/home/syncxxx/Documents/PacketAnalysis/05_recent_papers/selected_traffic_semantic_mapping/ieee-access/04__hybrid-model-for-network-traffic-anomaly-detection-based-on-parallel-two-stage-feature-fusion.pdf,selected_traffic_semantic_mapping,书目盘点；重点阅读范围见索引
local:04__litenet-lightweight-network-traffic-classification-using-explainable-artificial-intelligence-and-model-co,04 litenet lightweight network traffic classification using explainable artificial intelligence and model co,,,,/home/syncxxx/Documents/PacketAnalysis/05_recent_papers/selected_traffic_semantic_mapping/peerj-computer-science/04__litenet-lightweight-network-traffic-classification-using-explainable-artificial-intelligence-and-model-co.pdf,selected_traffic_semantic_mapping,书目盘点；重点阅读范围见索引
local:05__identify-devices-and-events-from-non-ip-heterogeneous-iot-network-traffic,05 identify devices and events from non ip heterogeneous iot network traffic,,,,/home/syncxxx/Documents/PacketAnalysis/05_recent_papers/selected_traffic_semantic_mapping/peerj-computer-science/05__identify-devices-and-events-from-non-ip-heterogeneous-iot-network-traffic.pdf,selected_traffic_semantic_mapping,书目盘点；重点阅读范围见索引
local:05__robust-network-traffic-classification-based-on-information-bottleneck-neural-network,05 robust network traffic classification based on information bottleneck neural network,,,,/home/syncxxx/Documents/PacketAnalysis/05_recent_papers/selected_traffic_semantic_mapping/ieee-access/05__robust-network-traffic-classification-based-on-information-bottleneck-neural-network.pdf,selected_traffic_semantic_mapping,书目盘点；重点阅读范围见索引
W4412946219,NTC-CIL: Characterizing and Classifying Encrypted Network Traffic using Class-Incremental Learning,2025,ACTA POLYTECHNICA HUNGARICA,https://doi.org/10.12700/aph.22.7.2025.7.13,/home/syncxxx/Documents/PacketAnalysis/05_recent_papers/pdf/acta-polytechnica-hungarica/W4412946219__ntc-cil-characterizing-and-classifying-encrypted-network-traffic-using-class-incremental-learning.pdf,pdf,书目盘点；重点阅读范围见索引
W7170186901,Network Security Monitoring for the Electric Sector,2026,ACTA POLYTECHNICA HUNGARICA,https://doi.org/10.12700/aph.23.8.2026.8.1,/home/syncxxx/Documents/PacketAnalysis/05_recent_papers/excluded_after_filter_audit/acta-polytechnica-hungarica/W7170186901__network-security-monitoring-for-the-electric-sector.pdf,excluded_after_filter_audit,书目盘点；重点阅读范围见索引
W4408274688,Parametric models for distributional data,2025,ADVANCES IN DATA ANALYSIS AND CLASSIFICATION,https://doi.org/10.1007/s11634-025-00624-x,/home/syncxxx/Documents/PacketAnalysis/05_recent_papers/excluded_after_filter_audit/advances-in-data-analysis-and-classification/W4408274688__parametric-models-for-distributional-data.pdf,excluded_after_filter_audit,书目盘点；重点阅读范围见索引
W4394592083,Reliable feature selection for adversarially robust cyber-attack detection,2024,ANNALS OF TELECOMMUNICATIONS,https://doi.org/10.1007/s12243-024-01047-z,/home/syncxxx/Documents/PacketAnalysis/05_recent_papers/excluded_after_filter_audit/annals-of-telecommunications/W4394592083__reliable-feature-selection-for-adversarially-robust-cyber-attack-detection.pdf,excluded_after_filter_audit,书目盘点；重点阅读范围见索引
W4413937263,Towards identification of network applications in encrypted traffic,2025,ANNALS OF TELECOMMUNICATIONS,https://doi.org/10.1007/s12243-025-01114-z,/home/syncxxx/Documents/PacketAnalysis/05_recent_papers/pdf/annals-of-telecommunications/W4413937263__towards-identification-of-network-applications-in-encrypted-traffic.pdf,pdf,书目盘点；重点阅读范围见索引
W4388193710,Deep Learning-Based Efficient Analysis for Encrypted Traffic,2023,APPLIED SCIENCES-BASEL,https://doi.org/10.3390/app132111776,/home/syncxxx/Documents/PacketAnalysis/05_recent_papers/pdf/applied-sciences-basel/W4388193710__deep-learning-based-efficient-analysis-for-encrypted-traffic.pdf,pdf,书目盘点；重点阅读范围见索引
W4392471550,DBSTGNN-Att: Dual Branch Spatio-Temporal Graph Neural Network with an Attention Mechanism for Cellular Network Traffic Prediction,2024,APPLIED SCIENCES-BASEL,https://doi.org/10.3390/app14052173,/home/syncxxx/Documents/PacketAnalysis/05_recent_papers/pdf/applied-sciences-basel/W4392471550__dbstgnn-att-dual-branch-spatio-temporal-graph-neural-network-with-an-attention-mechanism-for-cellular-network-.pdf | /home/syncxxx/Documents/PacketAnalysis/05_recent_papers/selected_traffic_semantic_mapping/applied-sciences-basel/05__dbstgnn-att-dual-branch-spatio-temporal-graph-neural-network-with-an-attention-mechanism-for-cellular-net.pdf,pdf | selected_traffic_semantic_mapping,书目盘点；重点阅读范围见索引
W4394567468,Fast and Accurate Multi-Task Learning for Encrypted Network Traffic Classification,2024,APPLIED SCIENCES-BASEL,https://doi.org/10.3390/app14073073,/home/syncxxx/Documents/PacketAnalysis/05_recent_papers/pdf/applied-sciences-basel/W4394567468__fast-and-accurate-multi-task-learning-for-encrypted-network-traffic-classification.pdf,pdf,书目盘点；重点阅读范围见索引
W4391655478,Network Traffic Characteristics and Analysis in Recent Mobile Games,2024,APPLIED SCIENCES-BASEL,https://doi.org/10.3390/app14041397,/home/syncxxx/Documents/PacketAnalysis/05_recent_papers/pdf/applied-sciences-basel/W4391655478__network-traffic-characteristics-and-analysis-in-recent-mobile-games.pdf,pdf,书目盘点；重点阅读范围见索引
W4405236212,Post-Hoc Categorization Based on Explainable AI and Reinforcement Learning for Improved Intrusion Detection,2024,APPLIED SCIENCES-BASEL,https://doi.org/10.3390/app142411511,/home/syncxxx/Documents/PacketAnalysis/05_recent_papers/excluded_after_filter_audit/applied-sciences-basel/W4405236212__post-hoc-categorization-based-on-explainable-ai-and-reinforcement-learning-for-improved-intrusion-detection.pdf,excluded_after_filter_audit,书目盘点；重点阅读范围见索引
W4399284741,Research on the Fiber-to-the-Room Network Traffic Prediction Method Based on Crested Porcupine Optimizer Optimization,2024,APPLIED SCIENCES-BASEL,https://doi.org/10.3390/app14114840,/home/syncxxx/Documents/PacketAnalysis/05_recent_papers/pdf/applied-sciences-basel/W4399284741__research-on-the-fiber-to-the-room-network-traffic-prediction-method-based-on-crested-porcupine-optimizer-optim.pdf,pdf,书目盘点；重点阅读范围见索引
W4404701651,ZigBeeNet: Decrypted Zigbee IoT Network Traffic Dataset in Smart Home Environment,2024,APPLIED SCIENCES-BASEL,https://doi.org/10.3390/app142310844,/home/syncxxx/Documents/PacketAnalysis/05_recent_papers/pdf/applied-sciences-basel/W4404701651__zigbeenet-decrypted-zigbee-iot-network-traffic-dataset-in-smart-home-environment.pdf,pdf,书目盘点；重点阅读范围见索引
W7117777608,A Deep Dive into AI-Based Network Traffic Prediction Using Heterogeneous Real Datasets,2025,APPLIED SCIENCES-BASEL,https://doi.org/10.3390/app16010367,/home/syncxxx/Documents/PacketAnalysis/05_recent_papers/pdf/applied-sciences-basel/W7117777608__a-deep-dive-into-ai-based-network-traffic-prediction-using-heterogeneous-real-datasets.pdf,pdf,书目盘点；重点阅读范围见索引
W4412070665,A Framework for User Traffic Prediction and Resource Allocation in 5G Networks,2025,APPLIED SCIENCES-BASEL,https://doi.org/10.3390/app15137603,/home/syncxxx/Documents/PacketAnalysis/05_recent_papers/pdf/applied-sciences-basel/W4412070665__a-framework-for-user-traffic-prediction-and-resource-allocation-in-5g-networks.pdf,pdf,书目盘点；重点阅读范围见索引
W4415047189,A Hybrid Deep Learning-Based Architecture for Network Traffic Anomaly Detection via EFMS-Enhanced KMeans Clustering and CNN-GRU Models,2025,APPLIED SCIENCES-BASEL,https://doi.org/10.3390/app152010889,/home/syncxxx/Documents/PacketAnalysis/05_recent_papers/pdf/applied-sciences-basel/W4415047189__a-hybrid-deep-learning-based-architecture-for-network-traffic-anomaly-detection-via-efms-enhanced-kmeans-clust.pdf,pdf,书目盘点；重点阅读范围见索引
W4413481107,Adaptive Stochastic GERT Modeling of UAV Video Transmission for Urban Monitoring Systems,2025,APPLIED SCIENCES-BASEL,https://doi.org/10.3390/app15179277,/home/syncxxx/Documents/PacketAnalysis/05_recent_papers/excluded_after_filter_audit/applied-sciences-basel/W4413481107__adaptive-stochastic-gert-modeling-of-uav-video-transmission-for-urban-monitoring-systems.pdf,excluded_after_filter_audit,书目盘点；重点阅读范围见索引
W4410952451,Anomaly Detection in Network Traffic via Cross-Domain Federated Graph Representation Learning,2025,APPLIED SCIENCES-BASEL,https://doi.org/10.3390/app15116258,/home/syncxxx/Documents/PacketAnalysis/05_recent_papers/pdf/applied-sciences-basel/W4410952451__anomaly-detection-in-network-traffic-via-cross-domain-federated-graph-representation-learning.pdf | /home/syncxxx/Documents/PacketAnalysis/05_recent_papers/selected_traffic_semantic_mapping/applied-sciences-basel/04__anomaly-detection-in-network-traffic-via-cross-domain-federated-graph-representation-learning.pdf,pdf | selected_traffic_semantic_mapping,书目盘点；重点阅读范围见索引
W4410068795,CLSTM-MT (a Combination of 2-Conv CNN and BiLSTM Under the Mean Teacher Collaborative Learning Framework): Encryption Traffic Classification Based on CLSTM (a Combination of 2-Conv CNN and BiLSTM) and Mean Teacher Collaborative Learning,2025,APPLIED SCIENCES-BASEL,https://doi.org/10.3390/app15095089,/home/syncxxx/Documents/PacketAnalysis/05_recent_papers/pdf/applied-sciences-basel/W4410068795__clstm-mt-a-combination-of-2-conv-cnn-and-bilstm-under-the-mean-teacher-collaborative-learning-framework-encryp.pdf,pdf,书目盘点；重点阅读范围见索引
W4415452553,Detecting AI-Generated Network Traffic Using Transformer–MLP Ensemble,2025,APPLIED SCIENCES-BASEL,https://doi.org/10.3390/app152111338,/home/syncxxx/Documents/PacketAnalysis/05_recent_papers/pdf/applied-sciences-basel/W4415452553__detecting-ai-generated-network-traffic-using-transformer-mlp-ensemble.pdf,pdf,书目盘点；重点阅读范围见索引
W4414141793,Dual-Stream Time-Series Transformer-Based Encrypted Traffic Data Augmentation Framework,2025,APPLIED SCIENCES-BASEL,https://doi.org/10.3390/app15189879,/home/syncxxx/Documents/PacketAnalysis/05_recent_papers/pdf/applied-sciences-basel/W4414141793__dual-stream-time-series-transformer-based-encrypted-traffic-data-augmentation-framework.pdf,pdf,书目盘点；重点阅读范围见索引
W4410721354,Dynamic Reporting Nodes Selection Method for Network Awareness Based on Active–Passive Integrated Network Telemetry in LEO Satellite Networks,2025,APPLIED SCIENCES-BASEL,https://doi.org/10.3390/app15115938,/home/syncxxx/Documents/PacketAnalysis/05_recent_papers/pdf/applied-sciences-basel/W4410721354__dynamic-reporting-nodes-selection-method-for-network-awareness-based-on-active-passive-integrated-network-tele.pdf,pdf,书目盘点；重点阅读范围见索引
W4406668940,FANT: Flexible Attention-Shifting Network Telemetry,2025,APPLIED SCIENCES-BASEL,https://doi.org/10.3390/app15020892,/home/syncxxx/Documents/PacketAnalysis/05_recent_papers/pdf/applied-sciences-basel/W4406668940__fant-flexible-attention-shifting-network-telemetry.pdf,pdf,书目盘点；重点阅读范围见索引
W4411175577,Image-Based Malicious Network Traffic Detection Framework: Data-Centric Approach,2025,APPLIED SCIENCES-BASEL,https://doi.org/10.3390/app15126546,/home/syncxxx/Documents/PacketAnalysis/05_recent_papers/pdf/applied-sciences-basel/W4411175577__image-based-malicious-network-traffic-detection-framework-data-centric-approach.pdf,pdf,书目盘点；重点阅读范围见索引
W4416322263,Lightweight Multi-Class Autoencoder Model for Malicious Traffic Detection in Private 5G Networks,2025,APPLIED SCIENCES-BASEL,https://doi.org/10.3390/app152212242,/home/syncxxx/Documents/PacketAnalysis/05_recent_papers/pdf/applied-sciences-basel/W4416322263__lightweight-multi-class-autoencoder-model-for-malicious-traffic-detection-in-private-5g-networks.pdf,pdf,书目盘点；重点阅读范围见索引
W4411710323,Malicious Traffic Detection on Tofino Using Graph Attention Model,2025,APPLIED SCIENCES-BASEL,https://doi.org/10.3390/app15137179,/home/syncxxx/Documents/PacketAnalysis/05_recent_papers/pdf/applied-sciences-basel/W4411710323__malicious-traffic-detection-on-tofino-using-graph-attention-model.pdf,pdf,书目盘点；重点阅读范围见索引
W4406664240,ResInceptNet-SA: A Network Traffic Intrusion Detection Model Fusing Feature Selection and Balanced Datasets,2025,APPLIED SCIENCES-BASEL,https://doi.org/10.3390/app15020956,/home/syncxxx/Documents/PacketAnalysis/05_recent_papers/pdf/applied-sciences-basel/W4406664240__resinceptnet-sa-a-network-traffic-intrusion-detection-model-fusing-feature-selection-and-balanced-datasets.pdf,pdf,书目盘点；重点阅读范围见索引
W4409410837,Resource-Efficient Traffic Classification Using Feature Selection for Message Queuing Telemetry Transport-Internet of Things Network-Based Security Attacks,2025,APPLIED SCIENCES-BASEL,https://doi.org/10.3390/app15084252,/home/syncxxx/Documents/PacketAnalysis/05_recent_papers/pdf/applied-sciences-basel/W4409410837__resource-efficient-traffic-classification-using-feature-selection-for-message-queuing-telemetry-transport-inte.pdf,pdf,书目盘点；重点阅读范围见索引
W7163406970,A CTI-Enriched GCN-LSTM Architecture for Multiclass Cyberattack Classification in Critical Infrastructure,2026,APPLIED SCIENCES-BASEL,https://doi.org/10.3390/app16115585,/home/syncxxx/Documents/PacketAnalysis/05_recent_papers/excluded_after_filter_audit/applied-sciences-basel/W7163406970__a-cti-enriched-gcn-lstm-architecture-for-multiclass-cyberattack-classification-in-critical-infrastructure.pdf,excluded_after_filter_audit,书目盘点；重点阅读范围见索引
W7129583614,A Multi-Component Deep Learning Approach for Cyber-Attack Detection in Critical Infrastructure SCADA Systems,2026,APPLIED SCIENCES-BASEL,https://doi.org/10.3390/app16168075,/home/syncxxx/Documents/PacketAnalysis/05_recent_papers/excluded_after_filter_audit/applied-sciences-basel/W7129583614__a-multi-component-deep-learning-approach-for-cyber-attack-detection-in-critical-infrastructure-scada-systems.pdf,excluded_after_filter_audit,书目盘点；重点阅读范围见索引
W7150368102,Cost-Aware Network Traffic Anomaly Detection with Histogram-Based Gradient Boosting,2026,APPLIED SCIENCES-BASEL,https://doi.org/10.3390/app16073496,/home/syncxxx/Documents/PacketAnalysis/05_recent_papers/pdf/applied-sciences-basel/W7150368102__cost-aware-network-traffic-anomaly-detection-with-histogram-based-gradient-boosting.pdf,pdf,书目盘点；重点阅读范围见索引
W7147573863,Enhancing Fine-Grained Encrypted Traffic Classification via Temporal Bi-Directional GraphSAGE,2026,APPLIED SCIENCES-BASEL,https://doi.org/10.3390/app16073427,/home/syncxxx/Documents/PacketAnalysis/05_recent_papers/pdf/applied-sciences-basel/W7147573863__enhancing-fine-grained-encrypted-traffic-classification-via-temporal-bi-directional-graphsage.pdf,pdf,书目盘点；重点阅读范围见索引
W7160510843,Few-Shot Network Intrusion Detection Using Online Triplet Mining,2026,APPLIED SCIENCES-BASEL,https://doi.org/10.3390/app16104589,/home/syncxxx/Documents/PacketAnalysis/05_recent_papers/excluded_after_filter_audit/applied-sciences-basel/W7160510843__few-shot-network-intrusion-detection-using-online-triplet-mining.pdf,excluded_after_filter_audit,书目盘点；重点阅读范围见索引
W7169809424,Rigorous Evaluation of Machine Learning Intrusion Detection for Water Treatment Systems on SWaT Network Traffic,2026,APPLIED SCIENCES-BASEL,https://doi.org/10.3390/app16147206,/home/syncxxx/Documents/PacketAnalysis/05_recent_papers/pdf/applied-sciences-basel/W7169809424__rigorous-evaluation-of-machine-learning-intrusion-detection-for-water-treatment-systems-on-swat-network-traffi.pdf,pdf,书目盘点；重点阅读范围见索引
W7131081560,Transformer-Autoencoder-Based Unsupervised Temporal Anomaly Detection for Network Traffic with Dual Prediction and Reconstruction,2026,APPLIED SCIENCES-BASEL,https://doi.org/10.3390/app16042143,/home/syncxxx/Documents/PacketAnalysis/05_recent_papers/pdf/applied-sciences-basel/W7131081560__transformer-autoencoder-based-unsupervised-temporal-anomaly-detection-for-network-traffic-with-dual-prediction.pdf,pdf,书目盘点；重点阅读范围见索引
W4403597597,Integrated Genetic Algorithm and Deep Learning Approach for Effective Cyber-Attack Detection and Classification in Industrial Internet of Things (IIoT) Environments,2024,ARABIAN JOURNAL FOR SCIENCE AND ENGINEERING,https://doi.org/10.1007/s13369-024-09663-6,/home/syncxxx/Documents/PacketAnalysis/05_recent_papers/excluded_after_filter_audit/arabian-journal-for-science-and-engineering/W4403597597__integrated-genetic-algorithm-and-deep-learning-approach-for-effective-cyber-attack-detection-and-classificatio.pdf,excluded_after_filter_audit,书目盘点；重点阅读范围见索引
W7147044581,Enhancing Employee Retention Prediction Through Federated Learning and Associative Classification using FedCBA: A Case Study on IBM HR Analytics,2026,ARABIAN JOURNAL FOR SCIENCE AND ENGINEERING,https://doi.org/10.1007/s13369-026-11252-8,/home/syncxxx/Documents/PacketAnalysis/05_recent_papers/excluded_after_filter_audit/arabian-journal-for-science-and-engineering/W7147044581__enhancing-employee-retention-prediction-through-federated-learning-and-associative-classification-using-fedcba.pdf,excluded_after_filter_audit,书目盘点；重点阅读范围见索引
W4404667940,STATISTICAL ANALYSIS ON COMPLEXLY STRUCTURED DATA,2024,BULLETIN OF THE AUSTRALIAN MATHEMATICAL SOCIETY,https://doi.org/10.1017/s0004972724001060,/home/syncxxx/Documents/PacketAnalysis/05_recent_papers/excluded_after_filter_audit/bulletin-of-the-australian-mathematical-society/W4404667940__statistical-analysis-on-complexly-structured-data.pdf,excluded_after_filter_audit,书目盘点；重点阅读范围见索引
W4390354591,"A Time Series Intrusion Detection Method Based on SSAE, TCN and Bi-LSTM",2023,CMC-COMPUTERS MATERIALS & CONTINUA,https://doi.org/10.32604/cmc.2023.046607,/home/syncxxx/Documents/PacketAnalysis/05_recent_papers/excluded_after_filter_audit/cmc-computers-materials-continua/W4390354591__a-time-series-intrusion-detection-method-based-on-ssae-tcn-and-bi-lstm.pdf,excluded_after_filter_audit,书目盘点；重点阅读范围见索引
W4391763272,A Hybrid Machine Learning Approach for Improvised QoE in Video Services over 5G Wireless Networks,2024,CMC-COMPUTERS MATERIALS & CONTINUA,https://doi.org/10.32604/cmc.2023.046911,/home/syncxxx/Documents/PacketAnalysis/05_recent_papers/excluded_after_filter_audit/cmc-computers-materials-continua/W4391763272__a-hybrid-machine-learning-approach-for-improvised-qoe-in-video-services-over-5g-wireless-networks.pdf,excluded_after_filter_audit,书目盘点；重点阅读范围见索引
W4391352011,A New Encrypted Traffic Identification Model Based on VAE-LSTM-DRN,2024,CMC-COMPUTERS MATERIALS & CONTINUA,https://doi.org/10.32604/cmc.2023.046055,/home/syncxxx/Documents/PacketAnalysis/05_recent_papers/pdf/cmc-computers-materials-continua/W4391352011__a-new-encrypted-traffic-identification-model-based-on-vae-lstm-drn.pdf,pdf,书目盘点；重点阅读范围见索引
W4404287825,"A Review of Generative Adversarial Networks for Intrusion Detection Systems: Advances, Challenges, and Future Directions",2024,CMC-COMPUTERS MATERIALS & CONTINUA,https://doi.org/10.32604/cmc.2024.055891,/home/syncxxx/Documents/PacketAnalysis/05_recent_papers/excluded_after_filter_audit/cmc-computers-materials-continua/W4404287825__a-review-of-generative-adversarial-networks-for-intrusion-detection-systems-advances-challenges-and-future-dir.pdf,excluded_after_filter_audit,书目盘点；重点阅读范围见索引
W4398787052,A Robust Approach for Multi Classification-Based Intrusion Detection through Stacking Deep Learning Models,2024,CMC-COMPUTERS MATERIALS & CONTINUA,https://doi.org/10.32604/cmc.2024.051539,/home/syncxxx/Documents/PacketAnalysis/05_recent_papers/excluded_after_filter_audit/cmc-computers-materials-continua/W4398787052__a-robust-approach-for-multi-classification-based-intrusion-detection-through-stacking-deep-learning-models.pdf,excluded_after_filter_audit,书目盘点；重点阅读范围见索引
W4405266057,APWF: A Parallel Website Fingerprinting Attack with Attention Mechanism,2024,CMC-COMPUTERS MATERIALS & CONTINUA,https://doi.org/10.32604/cmc.2024.058178,/home/syncxxx/Documents/PacketAnalysis/05_recent_papers/pdf/cmc-computers-materials-continua/W4405266057__apwf-a-parallel-website-fingerprinting-attack-with-attention-mechanism.pdf,pdf,书目盘点；重点阅读范围见索引
W4399309408,Adaptive Cloud Intrusion Detection System Based on Pruned Exact Linear Time Technique,2024,CMC-COMPUTERS MATERIALS & CONTINUA,https://doi.org/10.32604/cmc.2024.048105,/home/syncxxx/Documents/PacketAnalysis/05_recent_papers/excluded_after_filter_audit/cmc-computers-materials-continua/W4399309408__adaptive-cloud-intrusion-detection-system-based-on-pruned-exact-linear-time-technique.pdf,excluded_after_filter_audit,书目盘点；重点阅读范围见索引
W4403437069,An Adaptive Congestion Control Optimization Strategy in SDN-Based Data Centers,2024,CMC-COMPUTERS MATERIALS & CONTINUA,https://doi.org/10.32604/cmc.2024.056925,/home/syncxxx/Documents/PacketAnalysis/05_recent_papers/excluded_after_filter_audit/cmc-computers-materials-continua/W4403437069__an-adaptive-congestion-control-optimization-strategy-in-sdn-based-data-centers.pdf,excluded_after_filter_audit,书目盘点；重点阅读范围见索引
W4391352103,An Industrial Intrusion Detection Method Based on Hybrid Convolutional Neural Networks with Improved TCN,2024,CMC-COMPUTERS MATERIALS & CONTINUA,https://doi.org/10.32604/cmc.2023.046237,/home/syncxxx/Documents/PacketAnalysis/05_recent_papers/excluded_after_filter_audit/cmc-computers-materials-continua/W4391352103__an-industrial-intrusion-detection-method-based-on-hybrid-convolutional-neural-networks-with-improved-tcn.pdf,excluded_after_filter_audit,书目盘点；重点阅读范围见索引
W4400835082,An Optimized Approach to Deep Learning for Botnet Detection and Classification for Cybersecurity in Internet of Things Environment,2024,CMC-COMPUTERS MATERIALS & CONTINUA,https://doi.org/10.32604/cmc.2024.052804,/home/syncxxx/Documents/PacketAnalysis/05_recent_papers/excluded_after_filter_audit/cmc-computers-materials-continua/W4400835082__an-optimized-approach-to-deep-learning-for-botnet-detection-and-classification-for-cybersecurity-in-internet-o.pdf,excluded_after_filter_audit,书目盘点；重点阅读范围见索引
W4392854754,Applying an Improved Dung Beetle Optimizer Algorithm to Network Traffic Identification,2024,CMC-COMPUTERS MATERIALS & CONTINUA,https://doi.org/10.32604/cmc.2024.048461,/home/syncxxx/Documents/PacketAnalysis/05_recent_papers/pdf/cmc-computers-materials-continua/W4392854754__applying-an-improved-dung-beetle-optimizer-algorithm-to-network-traffic-identification.pdf,pdf,书目盘点；重点阅读范围见索引
W4392873233,BSTFNet: An Encrypted Malicious Traffic Classification Method Integrating Global Semantic and Spatiotemporal Features,2024,CMC-COMPUTERS MATERIALS & CONTINUA,https://doi.org/10.32604/cmc.2024.047918,/home/syncxxx/Documents/PacketAnalysis/05_recent_papers/pdf/cmc-computers-materials-continua/W4392873233__bstfnet-an-encrypted-malicious-traffic-classification-method-integrating-global-semantic-and-spatiotemporal-fe.pdf | /home/syncxxx/Documents/PacketAnalysis/05_recent_papers/selected_traffic_semantic_mapping/cmc-computers-materials-continua/02__bstfnet-an-encrypted-malicious-traffic-classification-method-integrating-global-semantic-and-spatiotempor.pdf,pdf | selected_traffic_semantic_mapping,书目盘点；重点阅读范围见索引
W4395669792,CMAES-WFD: Adversarial Website Fingerprinting Defense Based on Covariance Matrix Adaptation Evolution Strategy,2024,CMC-COMPUTERS MATERIALS & CONTINUA,https://doi.org/10.32604/cmc.2024.049504,/home/syncxxx/Documents/PacketAnalysis/05_recent_papers/pdf/cmc-computers-materials-continua/W4395669792__cmaes-wfd-adversarial-website-fingerprinting-defense-based-on-covariance-matrix-adaptation-evolution-strategy.pdf,pdf,书目盘点；重点阅读范围见索引
W4399814247,Classified VPN Network Traffic Flow Using Time Related to Artificial Neural Network,2024,CMC-COMPUTERS MATERIALS & CONTINUA,https://doi.org/10.32604/cmc.2024.050474,/home/syncxxx/Documents/PacketAnalysis/05_recent_papers/pdf/cmc-computers-materials-continua/W4399814247__classified-vpn-network-traffic-flow-using-time-related-to-artificial-neural-network.pdf,pdf,书目盘点；重点阅读范围见索引
W4394772521,Combo Packet: An Encryption Traffic Classification Method Based on Contextual Information,2024,CMC-COMPUTERS MATERIALS & CONTINUA,https://doi.org/10.32604/cmc.2024.049904,/home/syncxxx/Documents/PacketAnalysis/05_recent_papers/pdf/cmc-computers-materials-continua/W4394772521__combo-packet-an-encryption-traffic-classification-method-based-on-contextual-information.pdf,pdf,书目盘点；重点阅读范围见索引
W4391120114,Cybernet Model: A New Deep Learning Model for Cyber DDoS Attacks Detection and Recognition,2024,CMC-COMPUTERS MATERIALS & CONTINUA,https://doi.org/10.32604/cmc.2023.046101,/home/syncxxx/Documents/PacketAnalysis/05_recent_papers/excluded_after_filter_audit/cmc-computers-materials-continua/W4391120114__cybernet-model-a-new-deep-learning-model-for-cyber-ddos-attacks-detection-and-recognition.pdf,excluded_after_filter_audit,书目盘点；重点阅读范围见索引
W4401430799,Fortifying Smart Grids: A Holistic Assessment Strategy against Cyber Attacks and Physical Threats for Intelligent Electronic Devices,2024,CMC-COMPUTERS MATERIALS & CONTINUA,https://doi.org/10.32604/cmc.2024.053230,/home/syncxxx/Documents/PacketAnalysis/05_recent_papers/excluded_after_filter_audit/cmc-computers-materials-continua/W4401430799__fortifying-smart-grids-a-holistic-assessment-strategy-against-cyber-attacks-and-physical-threats-for-intellige.pdf,excluded_after_filter_audit,书目盘点；重点阅读范围见索引
W4396681836,Fusion of Spiral Convolution-LSTM for Intrusion Detection Modeling,2024,CMC-COMPUTERS MATERIALS & CONTINUA,https://doi.org/10.32604/cmc.2024.048443,/home/syncxxx/Documents/PacketAnalysis/05_recent_papers/excluded_after_filter_audit/cmc-computers-materials-continua/W4396681836__fusion-of-spiral-convolution-lstm-for-intrusion-detection-modeling.pdf,excluded_after_filter_audit,书目盘点；重点阅读范围见索引
W4403437295,HGNN-ETC: Higher-Order Graph Neural Network Based on Chronological Relationships for Encrypted Traffic Classification,2024,CMC-COMPUTERS MATERIALS & CONTINUA,https://doi.org/10.32604/cmc.2024.056165,/home/syncxxx/Documents/PacketAnalysis/05_recent_papers/pdf/cmc-computers-materials-continua/W4403437295__hgnn-etc-higher-order-graph-neural-network-based-on-chronological-relationships-for-encrypted-traffic-classifi.pdf | /home/syncxxx/Documents/PacketAnalysis/05_recent_papers/selected_traffic_semantic_mapping/cmc-computers-materials-continua/04__hgnn-etc-higher-order-graph-neural-network-based-on-chronological-relationships-for-encrypted-traffic-cla.pdf,pdf | selected_traffic_semantic_mapping,书目盘点；重点阅读范围见索引
W4400260187,MUS Model: A Deep Learning-Based Architecture for IoT Intrusion Detection,2024,CMC-COMPUTERS MATERIALS & CONTINUA,https://doi.org/10.32604/cmc.2024.051685,/home/syncxxx/Documents/PacketAnalysis/05_recent_papers/excluded_after_filter_audit/cmc-computers-materials-continua/W4400260187__mus-model-a-deep-learning-based-architecture-for-iot-intrusion-detection.pdf,excluded_after_filter_audit,书目盘点；重点阅读范围见索引
W4405266203,Multi-Head Attention Enhanced Parallel Dilated Convolution and Residual Learning for Network Traffic Anomaly Detection,2024,CMC-COMPUTERS MATERIALS & CONTINUA,https://doi.org/10.32604/cmc.2024.058396,/home/syncxxx/Documents/PacketAnalysis/05_recent_papers/pdf/cmc-computers-materials-continua/W4405266203__multi-head-attention-enhanced-parallel-dilated-convolution-and-residual-learning-for-network-traffic-anomaly-d.pdf,pdf,书目盘点；重点阅读范围见索引
W4391352083,Network Intrusion Traffic Detection Based on Feature Extraction,2024,CMC-COMPUTERS MATERIALS & CONTINUA,https://doi.org/10.32604/cmc.2023.044999,/home/syncxxx/Documents/PacketAnalysis/05_recent_papers/excluded_after_filter_audit/cmc-computers-materials-continua/W4391352083__network-intrusion-traffic-detection-based-on-feature-extraction.pdf,excluded_after_filter_audit,书目盘点；重点阅读范围见索引
W4401651047,Network Traffic Synthesis and Simulation Framework for Cybersecurity Exercise Systems,2024,CMC-COMPUTERS MATERIALS & CONTINUA,https://doi.org/10.32604/cmc.2024.054108,/home/syncxxx/Documents/PacketAnalysis/05_recent_papers/pdf/cmc-computers-materials-continua/W4401651047__network-traffic-synthesis-and-simulation-framework-for-cybersecurity-exercise-systems.pdf,pdf,书目盘点；重点阅读范围见索引
W4391031596,Strengthening Network Security: Deep Learning Models for Intrusion Detection with Optimized Feature Subset and Effective Imbalance Handling,2024,CMC-COMPUTERS MATERIALS & CONTINUA,https://doi.org/10.32604/cmc.2023.046478,/home/syncxxx/Documents/PacketAnalysis/05_recent_papers/excluded_after_filter_audit/cmc-computers-materials-continua/W4391031596__strengthening-network-security-deep-learning-models-for-intrusion-detection-with-optimized-feature-subset-and-.pdf,excluded_after_filter_audit,书目盘点；重点阅读范围见索引
W4405474998,TB-Graph: Enhancing Encrypted Malicious Traffic Classification through Relational Graph Attention Networks,2024,CMC-COMPUTERS MATERIALS & CONTINUA,https://doi.org/10.32604/cmc.2024.059417,/home/syncxxx/Documents/PacketAnalysis/05_recent_papers/pdf/cmc-computers-materials-continua/W4405474998__tb-graph-enhancing-encrypted-malicious-traffic-classification-through-relational-graph-attention-networks.pdf,pdf,书目盘点；重点阅读范围见索引
W4391545833,Traffic-Aware Fuzzy Classification Model to Perform IoT Data Traffic Sourcing with the Edge Computing,2024,CMC-COMPUTERS MATERIALS & CONTINUA,https://doi.org/10.32604/cmc.2024.046253,/home/syncxxx/Documents/PacketAnalysis/05_recent_papers/excluded_after_filter_audit/cmc-computers-materials-continua/W4391545833__traffic-aware-fuzzy-classification-model-to-perform-iot-data-traffic-sourcing-with-the-edge-computing.pdf,excluded_after_filter_audit,书目盘点；重点阅读范围见索引
W7116757492,A Quantum-Inspired Algorithm for Clustering and Intrusion Detection,2025,CMC-COMPUTERS MATERIALS & CONTINUA,https://doi.org/10.32604/cmc.2025.074256,/home/syncxxx/Documents/PacketAnalysis/05_recent_papers/excluded_after_filter_audit/cmc-computers-materials-continua/W7116757492__a-quantum-inspired-algorithm-for-clustering-and-intrusion-detection.pdf,excluded_after_filter_audit,书目盘点；重点阅读范围见索引
W4414816278,Advances in Machine Learning for Explainable Intrusion Detection Using Imbalance Datasets in Cybersecurity with Harris Hawks Optimization,2025,CMC-COMPUTERS MATERIALS & CONTINUA,https://doi.org/10.32604/cmc.2025.068958,/home/syncxxx/Documents/PacketAnalysis/05_recent_papers/excluded_after_filter_audit/cmc-computers-materials-continua/W4414816278__advances-in-machine-learning-for-explainable-intrusion-detection-using-imbalance-datasets-in-cybersecurity-wit.pdf,excluded_after_filter_audit,书目盘点；重点阅读范围见索引
W4410058271,DEMGAN: A Machine Learning-Based Intrusion Detection System Evasion Scheme,2025,CMC-COMPUTERS MATERIALS & CONTINUA,https://doi.org/10.32604/cmc.2025.064833,/home/syncxxx/Documents/PacketAnalysis/05_recent_papers/excluded_after_filter_audit/cmc-computers-materials-continua/W4410058271__demgan-a-machine-learning-based-intrusion-detection-system-evasion-scheme.pdf,excluded_after_filter_audit,书目盘点；重点阅读范围见索引
W4407755601,DMF: A Deep Multimodal Fusion-Based Network Traffic Classification Model,2025,CMC-COMPUTERS MATERIALS & CONTINUA,https://doi.org/10.32604/cmc.2025.061767,/home/syncxxx/Documents/PacketAnalysis/05_recent_papers/pdf/cmc-computers-materials-continua/W4407755601__dmf-a-deep-multimodal-fusion-based-network-traffic-classification-model.pdf | /home/syncxxx/Documents/PacketAnalysis/05_recent_papers/selected_traffic_semantic_mapping/cmc-computers-materials-continua/03__dmf-a-deep-multimodal-fusion-based-network-traffic-classification-model.pdf,pdf | selected_traffic_semantic_mapping,书目盘点；重点阅读范围见索引
W4409686992,ERBM: A Machine Learning-Driven Rule-Based Model for Intrusion Detection in IoT Environments,2025,CMC-COMPUTERS MATERIALS & CONTINUA,https://doi.org/10.32604/cmc.2025.062971,/home/syncxxx/Documents/PacketAnalysis/05_recent_papers/excluded_after_filter_audit/cmc-computers-materials-continua/W4409686992__erbm-a-machine-learning-driven-rule-based-model-for-intrusion-detection-in-iot-environments.pdf,excluded_after_filter_audit,书目盘点；重点阅读范围见索引
W4409955700,FSMMTD: A Feature Subset-Based Malicious Traffic Detection Method,2025,CMC-COMPUTERS MATERIALS & CONTINUA,https://doi.org/10.32604/cmc.2025.064471,/home/syncxxx/Documents/PacketAnalysis/05_recent_papers/pdf/cmc-computers-materials-continua/W4409955700__fsmmtd-a-feature-subset-based-malicious-traffic-detection-method.pdf,pdf,书目盘点；重点阅读范围见索引
W4414937648,Impact of Data Processing Techniques on AI Models for Attack-Based Imbalanced and Encrypted Traffic within IoT Environments,2025,CMC-COMPUTERS MATERIALS & CONTINUA,https://doi.org/10.32604/cmc.2025.069608,/home/syncxxx/Documents/PacketAnalysis/05_recent_papers/pdf/cmc-computers-materials-continua/W4414937648__impact-of-data-processing-techniques-on-ai-models-for-attack-based-imbalanced-and-encrypted-traffic-within-iot.pdf,pdf,书目盘点；重点阅读范围见索引
W4406042311,Intrumer: A Multi Module Distributed Explainable IDS/IPS for Securing Cloud Environment,2025,CMC-COMPUTERS MATERIALS & CONTINUA,https://doi.org/10.32604/cmc.2024.059805,/home/syncxxx/Documents/PacketAnalysis/05_recent_papers/excluded_after_filter_audit/cmc-computers-materials-continua/W4406042311__intrumer-a-multi-module-distributed-explainable-ids-ips-for-securing-cloud-environment.pdf,excluded_after_filter_audit,书目盘点；重点阅读范围见索引
W4411909668,NetST: Network Encrypted Traffic Classification Based on Swin Transformer,2025,CMC-COMPUTERS MATERIALS & CONTINUA,https://doi.org/10.32604/cmc.2025.066367,/home/syncxxx/Documents/PacketAnalysis/05_recent_papers/pdf/cmc-computers-materials-continua/W4411909668__netst-network-encrypted-traffic-classification-based-on-swin-transformer.pdf | /home/syncxxx/Documents/PacketAnalysis/05_recent_papers/selected_traffic_semantic_mapping/cmc-computers-materials-continua/05__netst-network-encrypted-traffic-classification-based-on-swin-transformer.pdf,pdf | selected_traffic_semantic_mapping,书目盘点；重点阅读范围见索引
W4408632904,SA-ResNet: An Intrusion Detection Method Based on Spatial Attention Mechanism and Residual Neural Network Fusion,2025,CMC-COMPUTERS MATERIALS & CONTINUA,https://doi.org/10.32604/cmc.2025.061206,/home/syncxxx/Documents/PacketAnalysis/05_recent_papers/excluded_after_filter_audit/cmc-computers-materials-continua/W4408632904__sa-resnet-an-intrusion-detection-method-based-on-spatial-attention-mechanism-and-residual-neural-network-fusio.pdf,excluded_after_filter_audit,书目盘点；重点阅读范围见索引
W4409781273,Toward Intrusion Detection of Industrial Cyber-Physical System: A Hybrid Approach Based on System State and Network Traffic Abnormality Monitoring,2025,CMC-COMPUTERS MATERIALS & CONTINUA,https://doi.org/10.32604/cmc.2025.064402,/home/syncxxx/Documents/PacketAnalysis/05_recent_papers/pdf/cmc-computers-materials-continua/W4409781273__toward-intrusion-detection-of-industrial-cyber-physical-system-a-hybrid-approach-based-on-system-state-and-net.pdf,pdf,书目盘点；重点阅读范围见索引
W7168464343,A Large Language Model-Driven Autonomous Framework for Intelligent Cyber Threat Detection and Response,2026,CMC-COMPUTERS MATERIALS & CONTINUA,https://doi.org/10.32604/cmc.2026.083550,/home/syncxxx/Documents/PacketAnalysis/05_recent_papers/excluded_after_filter_audit/cmc-computers-materials-continua/W7168464343__a-large-language-model-driven-autonomous-framework-for-intelligent-cyber-threat-detection-and-response.pdf,excluded_after_filter_audit,书目盘点；重点阅读范围见索引
W7130823940,A Lightweight Two-Stage Intrusion Detection Framework Optimized for Edge-Based IoT Environments,2026,CMC-COMPUTERS MATERIALS & CONTINUA,https://doi.org/10.32604/cmc.2026.076767,/home/syncxxx/Documents/PacketAnalysis/05_recent_papers/excluded_after_filter_audit/cmc-computers-materials-continua/W7130823940__a-lightweight-two-stage-intrusion-detection-framework-optimized-for-edge-based-iot-environments.pdf,excluded_after_filter_audit,书目盘点；重点阅读范围见索引
W7211917126,A MAML-Based Federated Meta-Learning Framework for Wireless Network Traffic Prediction,2026,CMC-COMPUTERS MATERIALS & CONTINUA,https://doi.org/10.32604/cmc.2026.087978,/home/syncxxx/Documents/PacketAnalysis/05_recent_papers/pdf/cmc-computers-materials-continua/W7211917126__a-maml-based-federated-meta-learning-framework-for-wireless-network-traffic-prediction.pdf,pdf,书目盘点；重点阅读范围见索引
W7164184951,A Space-Air-Ground Integrated Network Traffic Estimation Algorithm Based on Time-Varying Higher-Order Moments,2026,CMC-COMPUTERS MATERIALS & CONTINUA,https://doi.org/10.32604/cmc.2026.083723,/home/syncxxx/Documents/PacketAnalysis/05_recent_papers/pdf/cmc-computers-materials-continua/W7164184951__a-space-air-ground-integrated-network-traffic-estimation-algorithm-based-on-time-varying-higher-order-moments.pdf,pdf,书目盘点；重点阅读范围见索引
W7164139983,A Spatial-Temporal Traffic Prediction Algorithm Based on Non-Negative Tensor Factorization,2026,CMC-COMPUTERS MATERIALS & CONTINUA,https://doi.org/10.32604/cmc.2026.083824,/home/syncxxx/Documents/PacketAnalysis/05_recent_papers/pdf/cmc-computers-materials-continua/W7164139983__a-spatial-temporal-traffic-prediction-algorithm-based-on-non-negative-tensor-factorization.pdf,pdf,书目盘点；重点阅读范围见索引
W7127595840,Adaptive Windowing with Label-Aware Attention for Robust Multi-Tab Website Fingerprinting,2026,CMC-COMPUTERS MATERIALS & CONTINUA,https://doi.org/10.32604/cmc.2025.072184,/home/syncxxx/Documents/PacketAnalysis/05_recent_papers/pdf/cmc-computers-materials-continua/W7127595840__adaptive-windowing-with-label-aware-attention-for-robust-multi-tab-website-fingerprinting.pdf,pdf,书目盘点；重点阅读范围见索引
W7164308994,An Architecture-Aware Hybrid CPU–GPU Approach for WEMA-Based Fast Pattern Matching in Network Intrusion Detection Systems,2026,CMC-COMPUTERS MATERIALS & CONTINUA,https://doi.org/10.32604/cmc.2026.082998,/home/syncxxx/Documents/PacketAnalysis/05_recent_papers/excluded_after_filter_audit/cmc-computers-materials-continua/W7164308994__an-architecture-aware-hybrid-cpu-gpu-approach-for-wema-based-fast-pattern-matching-in-network-intrusion-detect.pdf,excluded_after_filter_audit,书目盘点；重点阅读范围见索引
W7203699199,An Improved Dream Optimization Algorithm-Driven Feature Selection Model for IoT Traffic Anomaly Detection,2026,CMC-COMPUTERS MATERIALS & CONTINUA,https://doi.org/10.32604/cmc.2026.087054,/home/syncxxx/Documents/PacketAnalysis/05_recent_papers/pdf/cmc-computers-materials-continua/W7203699199__an-improved-dream-optimization-algorithm-driven-feature-selection-model-for-iot-traffic-anomaly-detection.pdf,pdf,书目盘点；重点阅读范围见索引
W7155941570,Android Software Malicious Detection Based on Dynamic Network Traffic Mixing API Information and Feature Importance Analysis,2026,CMC-COMPUTERS MATERIALS & CONTINUA,https://doi.org/10.32604/cmc.2026.080632,/home/syncxxx/Documents/PacketAnalysis/05_recent_papers/pdf/cmc-computers-materials-continua/W7155941570__android-software-malicious-detection-based-on-dynamic-network-traffic-mixing-api-information-and-feature-impor.pdf,pdf,书目盘点；重点阅读范围见索引
W7203676279,Authenticated Encryption with Associated Data and ECDH-Based Key Exchange for Secure Smart Grid Power Monitoring and Simulation,2026,CMC-COMPUTERS MATERIALS & CONTINUA,https://doi.org/10.32604/cmc.2026.085788,/home/syncxxx/Documents/PacketAnalysis/05_recent_papers/excluded_after_filter_audit/cmc-computers-materials-continua/W7203676279__authenticated-encryption-with-associated-data-and-ecdh-based-key-exchange-for-secure-smart-grid-power-monitori.pdf,excluded_after_filter_audit,书目盘点；重点阅读范围见索引
W7204134922,DMSALA: A Dynamic Multi-Subpopulation Artificial Lemming Algorithm for Feature Selection in IoT Intrusion Detection,2026,CMC-COMPUTERS MATERIALS & CONTINUA,https://doi.org/10.32604/cmc.2026.084624,/home/syncxxx/Documents/PacketAnalysis/05_recent_papers/excluded_after_filter_audit/cmc-computers-materials-continua/W7204134922__dmsala-a-dynamic-multi-subpopulation-artificial-lemming-algorithm-for-feature-selection-in-iot-intrusion-detec.pdf,excluded_after_filter_audit,书目盘点；重点阅读范围见索引
W7172508680,DSPT: Distributed Similar Payload Traceback Based on Bloom Filter,2026,CMC-COMPUTERS MATERIALS & CONTINUA,https://doi.org/10.32604/cmc.2026.082384,/home/syncxxx/Documents/PacketAnalysis/05_recent_papers/excluded_after_filter_audit/cmc-computers-materials-continua/W7172508680__dspt-distributed-similar-payload-traceback-based-on-bloom-filter.pdf,excluded_after_filter_audit,书目盘点；重点阅读范围见索引
W7167630127,DVG-GNN: Dual-View Graph Representation Learning for Encrypted Traffic Classification,2026,CMC-COMPUTERS MATERIALS & CONTINUA,https://doi.org/10.32604/cmc.2026.083419,/home/syncxxx/Documents/PacketAnalysis/05_recent_papers/pdf/cmc-computers-materials-continua/W7167630127__dvg-gnn-dual-view-graph-representation-learning-for-encrypted-traffic-classification.pdf | /home/syncxxx/Documents/PacketAnalysis/05_recent_papers/selected_traffic_semantic_mapping/cmc-computers-materials-continua/01__dvg-gnn-dual-view-graph-representation-learning-for-encrypted-traffic-classification.pdf,pdf | selected_traffic_semantic_mapping,书目盘点；重点阅读范围见索引
W7163417598,Explainable Hierarchical Mamba for Edge-Based IoT Traffic Classification,2026,CMC-COMPUTERS MATERIALS & CONTINUA,https://doi.org/10.32604/cmc.2026.082810,/home/syncxxx/Documents/PacketAnalysis/05_recent_papers/pdf/cmc-computers-materials-continua/W7163417598__explainable-hierarchical-mamba-for-edge-based-iot-traffic-classification.pdf,pdf,书目盘点；重点阅读范围见索引
W7169772727,Hybrid Quantum-Kernel and Quantum-Inspired Machine Learning for TDoS Early Warning in Critical Infrastructure,2026,CMC-COMPUTERS MATERIALS & CONTINUA,https://doi.org/10.32604/cmc.2026.084352,/home/syncxxx/Documents/PacketAnalysis/05_recent_papers/excluded_after_filter_audit/cmc-computers-materials-continua/W7169772727__hybrid-quantum-kernel-and-quantum-inspired-machine-learning-for-tdos-early-warning-in-critical-infrastructure.pdf,excluded_after_filter_audit,书目盘点；重点阅读范围见索引
W7213445625,Lightweight AI-Based Threat Detection and Surveillance Secure Edge-IoT Healthcare Systems,2026,CMC-COMPUTERS MATERIALS & CONTINUA,https://doi.org/10.32604/cmc.2026.085737,/home/syncxxx/Documents/PacketAnalysis/05_recent_papers/excluded_after_filter_audit/cmc-computers-materials-continua/W7213445625__lightweight-ai-based-threat-detection-and-surveillance-secure-edge-iot-healthcare-systems.pdf,excluded_after_filter_audit,书目盘点；重点阅读范围见索引
W7165178739,Lightweight AI-Powered Intrusion Detection via Edge Computing,2026,CMC-COMPUTERS MATERIALS & CONTINUA,https://doi.org/10.32604/cmc.2026.082207,/home/syncxxx/Documents/PacketAnalysis/05_recent_papers/excluded_after_filter_audit/cmc-computers-materials-continua/W7165178739__lightweight-ai-powered-intrusion-detection-via-edge-computing.pdf,excluded_after_filter_audit,书目盘点；重点阅读范围见索引
W7161183130,Machine Learning-Based Network Traffic Anomaly Detection in Smart Learning Environments,2026,CMC-COMPUTERS MATERIALS & CONTINUA,https://doi.org/10.32604/cmc.2026.082264,/home/syncxxx/Documents/PacketAnalysis/05_recent_papers/pdf/cmc-computers-materials-continua/W7161183130__machine-learning-based-network-traffic-anomaly-detection-in-smart-learning-environments.pdf,pdf,书目盘点；重点阅读范围见索引
W7140202044,NCRT: A Noise-Tolerant Label Recognition and Correction Framework for Network Traffic Detection,2026,CMC-COMPUTERS MATERIALS & CONTINUA,https://doi.org/10.32604/cmc.2026.077275,/home/syncxxx/Documents/PacketAnalysis/05_recent_papers/pdf/cmc-computers-materials-continua/W7140202044__ncrt-a-noise-tolerant-label-recognition-and-correction-framework-for-network-traffic-detection.pdf,pdf,书目盘点；重点阅读范围见索引
W7166593259,NeuroPulse: Spiking-Transformer Hybrid Architecture for Ultra-Low-Power Continual Learning in Neuromorphic Network Processors,2026,CMC-COMPUTERS MATERIALS & CONTINUA,https://doi.org/10.32604/cmc.2026.082979,/home/syncxxx/Documents/PacketAnalysis/05_recent_papers/excluded_after_filter_audit/cmc-computers-materials-continua/W7166593259__neuropulse-spiking-transformer-hybrid-architecture-for-ultra-low-power-continual-learning-in-neuromorphic-netw.pdf,excluded_after_filter_audit,书目盘点；重点阅读范围见索引
W7164511602,On the Resilience of Traffic Features under Concept Drift in Hidden Service Fingerprinting,2026,CMC-COMPUTERS MATERIALS & CONTINUA,https://doi.org/10.32604/cmc.2026.072275,/home/syncxxx/Documents/PacketAnalysis/05_recent_papers/excluded_after_filter_audit/cmc-computers-materials-continua/W7164511602__on-the-resilience-of-traffic-features-under-concept-drift-in-hidden-service-fingerprinting.pdf,excluded_after_filter_audit,书目盘点；重点阅读范围见索引
W7140643737,PIF-Identifier: Accurate Low-Overhead Identification of Persistent Infrequent Flows in Network Traffic,2026,CMC-COMPUTERS MATERIALS & CONTINUA,https://doi.org/10.32604/cmc.2026.078464,/home/syncxxx/Documents/PacketAnalysis/05_recent_papers/pdf/cmc-computers-materials-continua/W7140643737__pif-identifier-accurate-low-overhead-identification-of-persistent-infrequent-flows-in-network-traffic.pdf,pdf,书目盘点；重点阅读范围见索引
W7172268209,Quantum-Enhanced Security for Edge-IIoT: Robust Intrusion Detection with a Novel Quantum-Classical Neural Network,2026,CMC-COMPUTERS MATERIALS & CONTINUA,https://doi.org/10.32604/cmc.2026.083381,/home/syncxxx/Documents/PacketAnalysis/05_recent_papers/excluded_after_filter_audit/cmc-computers-materials-continua/W7172268209__quantum-enhanced-security-for-edge-iiot-robust-intrusion-detection-with-a-novel-quantum-classical-neural-netwo.pdf,excluded_after_filter_audit,书目盘点；重点阅读范围见索引
W7211883469,The Method of Malicious Traffic Detection for Internet of Things Based on Lightweight Graph Neural Networks,2026,CMC-COMPUTERS MATERIALS & CONTINUA,https://doi.org/10.32604/cmc.2026.086743,/home/syncxxx/Documents/PacketAnalysis/05_recent_papers/pdf/cmc-computers-materials-continua/W7211883469__the-method-of-malicious-traffic-detection-for-internet-of-things-based-on-lightweight-graph-neural-networks.pdf,pdf,书目盘点；重点阅读范围见索引
W7128849647,Two-Branch Intrusion Detection Method Based on Fusion of Deep Semantic and Statistical Features,2026,CMC-COMPUTERS MATERIALS & CONTINUA,https://doi.org/10.32604/cmc.2026.076986,/home/syncxxx/Documents/PacketAnalysis/05_recent_papers/excluded_after_filter_audit/cmc-computers-materials-continua/W7128849647__two-branch-intrusion-detection-method-based-on-fusion-of-deep-semantic-and-statistical-features.pdf,excluded_after_filter_audit,书目盘点；重点阅读范围见索引
W4390426924,Transformer-Aided Deep Double Dueling Spatial-Temporal Q-Network for Spatial Crowdsourcing Analysis,2023,CMES-COMPUTER MODELING IN ENGINEERING & SCIENCES,https://doi.org/10.32604/cmes.2023.031350,/home/syncxxx/Documents/PacketAnalysis/05_recent_papers/excluded_after_filter_audit/cmes-computer-modeling-in-engineering-sciences/W4390426924__transformer-aided-deep-double-dueling-spatial-temporal-q-network-for-spatial-crowdsourcing-analysis.pdf,excluded_after_filter_audit,书目盘点；重点阅读范围见索引
W4400785638,Anomaly Detection in Imbalanced Encrypted Traffic with Few Packet Metadata-Based Feature Extraction,2024,CMES-COMPUTER MODELING IN ENGINEERING & SCIENCES,https://doi.org/10.32604/cmes.2024.051221,/home/syncxxx/Documents/PacketAnalysis/05_recent_papers/pdf/cmes-computer-modeling-in-engineering-sciences/W4400785638__anomaly-detection-in-imbalanced-encrypted-traffic-with-few-packet-metadata-based-feature-extraction.pdf | /home/syncxxx/Documents/PacketAnalysis/05_recent_papers/selected_traffic_semantic_mapping/cmes-computer-modeling-in-engineering-sciences/05__anomaly-detection-in-imbalanced-encrypted-traffic-with-few-packet-metadata-based-feature-extraction.pdf,pdf | selected_traffic_semantic_mapping,书目盘点；重点阅读范围见索引
W4393435375,Suboptimal Feature Selection Techniques for Effective Malicious Traffic Detection on Lightweight Devices,2024,CMES-COMPUTER MODELING IN ENGINEERING & SCIENCES,https://doi.org/10.32604/cmes.2024.047239,/home/syncxxx/Documents/PacketAnalysis/05_recent_papers/pdf/cmes-computer-modeling-in-engineering-sciences/W4393435375__suboptimal-feature-selection-techniques-for-effective-malicious-traffic-detection-on-lightweight-devices.pdf,pdf,书目盘点；重点阅读范围见索引
W4415986150,An AI/ML Framework-Driven Approach for Malicious Traffic Detection in Open RAN,2025,CMES-COMPUTER MODELING IN ENGINEERING & SCIENCES,https://doi.org/10.32604/cmes.2025.070627,/home/syncxxx/Documents/PacketAnalysis/05_recent_papers/pdf/cmes-computer-modeling-in-engineering-sciences/W4415986150__an-ai-ml-framework-driven-approach-for-malicious-traffic-detection-in-open-ran.pdf,pdf,书目盘点；重点阅读范围见索引
W4410754355,Ensemble Encoder-Based Attack Traffic Classification for Secure 5G Slicing Networks,2025,CMES-COMPUTER MODELING IN ENGINEERING & SCIENCES,https://doi.org/10.32604/cmes.2025.063558,/home/syncxxx/Documents/PacketAnalysis/05_recent_papers/pdf/cmes-computer-modeling-in-engineering-sciences/W4410754355__ensemble-encoder-based-attack-traffic-classification-for-secure-5g-slicing-networks.pdf | /home/syncxxx/Documents/PacketAnalysis/05_recent_papers/selected_traffic_semantic_mapping/cmes-computer-modeling-in-engineering-sciences/03__ensemble-encoder-based-attack-traffic-classification-for-secure-5g-slicing-networks.pdf,pdf | selected_traffic_semantic_mapping,书目盘点；重点阅读范围见索引
W4414816349,Hybrid Meta-Heuristic Feature Selection Model for Network Traffic-Based Intrusion Detection in AIoT,2025,CMES-COMPUTER MODELING IN ENGINEERING & SCIENCES,https://doi.org/10.32604/cmes.2025.070679,/home/syncxxx/Documents/PacketAnalysis/05_recent_papers/pdf/cmes-computer-modeling-in-engineering-sciences/W4414816349__hybrid-meta-heuristic-feature-selection-model-for-network-traffic-based-intrusion-detection-in-aiot.pdf,pdf,书目盘点；重点阅读范围见索引
W7162089266,5G-SliceMatch: A Slice-Aware Semi-Supervised Learning Framework for Malicious Traffic Detection in 5G Networks,2026,CMES-COMPUTER MODELING IN ENGINEERING & SCIENCES,https://doi.org/10.32604/cmes.2026.082504,/home/syncxxx/Documents/PacketAnalysis/05_recent_papers/pdf/cmes-computer-modeling-in-engineering-sciences/W7162089266__5g-slicematch-a-slice-aware-semi-supervised-learning-framework-for-malicious-traffic-detection-in-5g-networks.pdf,pdf,书目盘点；重点阅读范围见索引
W7166876982,A Survey of AI-Based Encrypted Traffic Detection: Multi-Level Taxonomy and Structural Analysis of Intent–Behavior–Model Coupling,2026,CMES-COMPUTER MODELING IN ENGINEERING & SCIENCES,https://doi.org/10.32604/cmes.2026.083669,/home/syncxxx/Documents/PacketAnalysis/05_recent_papers/pdf/cmes-computer-modeling-in-engineering-sciences/W7166876982__a-survey-of-ai-based-encrypted-traffic-detection-multi-level-taxonomy-and-structural-analysis-of-intent-behavi.pdf | /home/syncxxx/Documents/PacketAnalysis/05_recent_papers/selected_traffic_semantic_mapping/cmes-computer-modeling-in-engineering-sciences/02__a-survey-of-ai-based-encrypted-traffic-detection-multi-level-taxonomy-and-structural-analysis-of-intent-b.pdf,pdf | selected_traffic_semantic_mapping,书目盘点；重点阅读范围见索引
W7171443604,ET-BERT with Adapter Fusion: Operating-Regime Analysis of Modular Continual Adaptation for Encrypted Traffic Classification,2026,CMES-COMPUTER MODELING IN ENGINEERING & SCIENCES,https://doi.org/10.32604/cmes.2026.084041,/home/syncxxx/Documents/PacketAnalysis/05_recent_papers/pdf/cmes-computer-modeling-in-engineering-sciences/W7171443604__et-bert-with-adapter-fusion-operating-regime-analysis-of-modular-continual-adaptation-for-encrypted-traffic-cl.pdf | /home/syncxxx/Documents/PacketAnalysis/05_recent_papers/selected_traffic_semantic_mapping/cmes-computer-modeling-in-engineering-sciences/01__et-bert-with-adapter-fusion-operating-regime-analysis-of-modular-continual-adaptation-for-encrypted-traff.pdf,pdf | selected_traffic_semantic_mapping,书目盘点；重点阅读范围见索引
W7204747716,Hierarchical Adversarially-Driven Escalation System (HADES) for Network Intrusion Detection,2026,CMES-COMPUTER MODELING IN ENGINEERING & SCIENCES,https://doi.org/10.32604/cmes.2026.086180,/home/syncxxx/Documents/PacketAnalysis/05_recent_papers/excluded_after_filter_audit/cmes-computer-modeling-in-engineering-sciences/W7204747716__hierarchical-adversarially-driven-escalation-system-hades-for-network-intrusion-detection.pdf,excluded_after_filter_audit,书目盘点；重点阅读范围见索引
W7166542545,LLM-Driven Cross-Flow Modeling for Network Attack Traffic Detection,2026,CMES-COMPUTER MODELING IN ENGINEERING & SCIENCES,https://doi.org/10.32604/cmes.2026.083972,/home/syncxxx/Documents/PacketAnalysis/05_recent_papers/excluded_after_filter_audit/cmes-computer-modeling-in-engineering-sciences/W7166542545__llm-driven-cross-flow-modeling-for-network-attack-traffic-detection.pdf,excluded_after_filter_audit,书目盘点；重点阅读范围见索引
W7135180654,Privacy-Aware Anomaly Detection in Encrypted Network Traffic via Adaptive Homomorphic Encryption,2026,CMES-COMPUTER MODELING IN ENGINEERING & SCIENCES,https://doi.org/10.32604/cmes.2026.077784,/home/syncxxx/Documents/PacketAnalysis/05_recent_papers/pdf/cmes-computer-modeling-in-engineering-sciences/W7135180654__privacy-aware-anomaly-detection-in-encrypted-network-traffic-via-adaptive-homomorphic-encryption.pdf | /home/syncxxx/Documents/PacketAnalysis/05_recent_papers/selected_traffic_semantic_mapping/cmes-computer-modeling-in-engineering-sciences/04__privacy-aware-anomaly-detection-in-encrypted-network-traffic-via-adaptive-homomorphic-encryption.pdf,pdf | selected_traffic_semantic_mapping,书目盘点；重点阅读范围见索引
W7164371449,Resilient Federated Ensemble Learning for IoT Intrusion Detection in Adversarial and Imbalanced Environments,2026,CMES-COMPUTER MODELING IN ENGINEERING & SCIENCES,https://doi.org/10.32604/cmes.2026.082021,/home/syncxxx/Documents/PacketAnalysis/05_recent_papers/excluded_after_filter_audit/cmes-computer-modeling-in-engineering-sciences/W7164371449__resilient-federated-ensemble-learning-for-iot-intrusion-detection-in-adversarial-and-imbalanced-environments.pdf,excluded_after_filter_audit,书目盘点；重点阅读范围见索引
W4390051509,Harnessing PSO and GA for Congestion Control in High-speed Wireless Sensor Networks,2023,COMPTES RENDUS DE L ACADEMIE BULGARE DES SCIENCES,https://doi.org/10.7546/crabs.2023.12.11,/home/syncxxx/Documents/PacketAnalysis/05_recent_papers/excluded_after_filter_audit/comptes-rendus-de-l-academie-bulgare-des-sciences/W4390051509__harnessing-pso-and-ga-for-congestion-control-in-high-speed-wireless-sensor-networks.pdf,excluded_after_filter_audit,书目盘点；重点阅读范围见索引
W4414606052,A Framework for Robustness Evaluation in Ultra-dense IoT Networks,2025,COMPTES RENDUS DE L ACADEMIE BULGARE DES SCIENCES,https://doi.org/10.7546/crabs.2025.09.10,/home/syncxxx/Documents/PacketAnalysis/05_recent_papers/excluded_after_filter_audit/comptes-rendus-de-l-academie-bulgare-des-sciences/W4414606052__a-framework-for-robustness-evaluation-in-ultra-dense-iot-networks.pdf,excluded_after_filter_audit,书目盘点；重点阅读范围见索引
W4399859321,MAC approaches to communication efficiency and reliability under dynamic network traffic in wireless body area networks: a review,2024,COMPUTING,https://doi.org/10.1007/s00607-024-01307-9,/home/syncxxx/Documents/PacketAnalysis/05_recent_papers/pdf/computing/W4399859321__mac-approaches-to-communication-efficiency-and-reliability-under-dynamic-network-traffic-in-wireless-body-area.pdf,pdf,书目盘点；重点阅读范围见索引
W7165866710,Enhancing QoE in software-defined networks via machine learning-based QoS-to-vMOS estimation,2026,COMPUTING,https://doi.org/10.1007/s00607-026-01698-x,/home/syncxxx/Documents/PacketAnalysis/05_recent_papers/excluded_after_filter_audit/computing/W7165866710__enhancing-qoe-in-software-defined-networks-via-machine-learning-based-qos-to-vmos-estimation.pdf,excluded_after_filter_audit,书目盘点；重点阅读范围见索引
W7201868159,Hybrid DQN–PPO control for joint queue management and bandwidth allocation under bursty network traffic,2026,COMPUTING,https://doi.org/10.1007/s00607-026-01720-2,/home/syncxxx/Documents/PacketAnalysis/05_recent_papers/pdf/computing/W7201868159__hybrid-dqn-ppo-control-for-joint-queue-management-and-bandwidth-allocation-under-bursty-network-traffic.pdf,pdf,书目盘点；重点阅读范围见索引
W7134178382,MLDAS : Machine Learning Dynamic Algorithm Selection for Software‐Defined Networking Security,2026,CONCURRENCY AND COMPUTATION-PRACTICE & EXPERIENCE,https://doi.org/10.1002/cpe.70637,/home/syncxxx/Documents/PacketAnalysis/05_recent_papers/excluded_after_filter_audit/concurrency-and-computation-practice-experience/W7134178382__mldas-machine-learning-dynamic-algorithm-selection-for-software-defined-networking-security.pdf,excluded_after_filter_audit,书目盘点；重点阅读范围见索引
W7123732704,Hybrid Deep Learning based Attack Detection Across Different Layers in IoT Environments,2025,DEFENCE SCIENCE JOURNAL,https://doi.org/10.14429/dsj.20904,/home/syncxxx/Documents/PacketAnalysis/05_recent_papers/excluded_after_filter_audit/defence-science-journal/W7123732704__hybrid-deep-learning-based-attack-detection-across-different-layers-in-iot-environments.pdf,excluded_after_filter_audit,书目盘点；重点阅读范围见索引
W4392834417,Securing cloud-enabled smart cities by detecting intrusion using spark-based stacking ensemble of machine learning algorithms,2024,ELECTRONIC RESEARCH ARCHIVE,https://doi.org/10.3934/era.2024060,/home/syncxxx/Documents/PacketAnalysis/05_recent_papers/excluded_after_filter_audit/electronic-research-archive/W4392834417__securing-cloud-enabled-smart-cities-by-detecting-intrusion-using-spark-based-stacking-ensemble-of-machine-lear.pdf,excluded_after_filter_audit,书目盘点；重点阅读范围见索引
W4387780154,A Network Traffic Intrusion Detection Method for Industrial Control Systems Based on Deep Learning,2023,ELECTRONICS,https://doi.org/10.3390/electronics12204329,/home/syncxxx/Documents/PacketAnalysis/05_recent_papers/pdf/electronics/W4387780154__a-network-traffic-intrusion-detection-method-for-industrial-control-systems-based-on-deep-learning.pdf,pdf,全文可检索；7篇引言精读范围见索引
W4388040962,Federated Learning Based on Mutual Information Clustering for Wireless Traffic Prediction,2023,ELECTRONICS,https://doi.org/10.3390/electronics12214476,/home/syncxxx/Documents/PacketAnalysis/05_recent_papers/pdf/electronics/W4388040962__federated-learning-based-on-mutual-information-clustering-for-wireless-traffic-prediction.pdf,pdf,全文可检索；7篇引言精读范围见索引
W4388141242,Task Offloading Scheme for Survivability Guarantee Based on Traffic Prediction in 6G Edge Networks,2023,ELECTRONICS,https://doi.org/10.3390/electronics12214497,/home/syncxxx/Documents/PacketAnalysis/05_recent_papers/pdf/electronics/W4388141242__task-offloading-scheme-for-survivability-guarantee-based-on-traffic-prediction-in-6g-edge-networks.pdf,pdf,全文可检索；7篇引言精读范围见索引
W4405809998,AI-Based Malicious Encrypted Traffic Detection in 5G Data Collection and Secure Sharing,2024,ELECTRONICS,https://doi.org/10.3390/electronics14010051,/home/syncxxx/Documents/PacketAnalysis/05_recent_papers/pdf/electronics/W4405809998__ai-based-malicious-encrypted-traffic-detection-in-5g-data-collection-and-secure-sharing.pdf,pdf,全文可检索；7篇引言精读范围见索引
W4405849044,Addressing Class Imbalance in Intrusion Detection: A Comprehensive Evaluation of Machine Learning Approaches,2024,ELECTRONICS,https://doi.org/10.3390/electronics14010069,/home/syncxxx/Documents/PacketAnalysis/05_recent_papers/excluded_after_filter_audit/electronics/W4405849044__addressing-class-imbalance-in-intrusion-detection-a-comprehensive-evaluation-of-machine-learning-approaches.pdf,excluded_after_filter_audit,书目盘点；重点阅读范围见索引
W4403835185,L-GraphSAGE: A Graph Neural Network-Based Approach for IoV Application Encrypted Traffic Identification,2024,ELECTRONICS,https://doi.org/10.3390/electronics13214222,/home/syncxxx/Documents/PacketAnalysis/05_recent_papers/pdf/electronics/W4403835185__l-graphsage-a-graph-neural-network-based-approach-for-iov-application-encrypted-traffic-identification.pdf | /home/syncxxx/Documents/PacketAnalysis/05_recent_papers/selected_traffic_semantic_mapping/electronics/05__l-graphsage-a-graph-neural-network-based-approach-for-iov-application-encrypted-traffic-identification.pdf,pdf | selected_traffic_semantic_mapping,全文可检索；7篇引言精读范围见索引
W4392912146,Machine-Learning-Based Traffic Classification in Software-Defined Networks,2024,ELECTRONICS,https://doi.org/10.3390/electronics13061108,/home/syncxxx/Documents/PacketAnalysis/05_recent_papers/pdf/electronics/W4392912146__machine-learning-based-traffic-classification-in-software-defined-networks.pdf,pdf,全文可检索；7篇引言精读范围见索引
W4393235404,Network Traffic Classification Model Based on Spatio-Temporal Feature Extraction,2024,ELECTRONICS,https://doi.org/10.3390/electronics13071236,/home/syncxxx/Documents/PacketAnalysis/05_recent_papers/pdf/electronics/W4393235404__network-traffic-classification-model-based-on-spatio-temporal-feature-extraction.pdf,pdf,全文可检索；7篇引言精读范围见索引
W4403129571,STC-BERT (Satellite Traffic Classification-BERT): A Traffic Classification Model for Low-Earth-Orbit Satellite Internet Systems,2024,ELECTRONICS,https://doi.org/10.3390/electronics13193933,/home/syncxxx/Documents/PacketAnalysis/05_recent_papers/pdf/electronics/W4403129571__stc-bert-satellite-traffic-classification-bert-a-traffic-classification-model-for-low-earth-orbit-satellite-in.pdf,pdf,全文可检索；7篇引言精读范围见索引
W4391486104,Traffic Classification and Packet Scheduling Strategy with Deadline Constraints for Input-Queued Switches in Time-Sensitive Networking,2024,ELECTRONICS,https://doi.org/10.3390/electronics13030629,/home/syncxxx/Documents/PacketAnalysis/05_recent_papers/pdf/electronics/W4391486104__traffic-classification-and-packet-scheduling-strategy-with-deadline-constraints-for-input-queued-switches-in-t.pdf,pdf,全文可检索；7篇引言精读范围见索引
W4404567899,Unsupervised Anomaly Detection and Explanation in Network Traffic with Transformers,2024,ELECTRONICS,https://doi.org/10.3390/electronics13224570,/home/syncxxx/Documents/PacketAnalysis/05_recent_papers/pdf/electronics/W4404567899__unsupervised-anomaly-detection-and-explanation-in-network-traffic-with-transformers.pdf,pdf,全文可检索；7篇引言精读范围见索引
W4401353118,WVETT-Net: A Novel Hybrid Prediction Model for Wireless Network Traffic Based on Variational Mode Decomposition,2024,ELECTRONICS,https://doi.org/10.3390/electronics13163109,/home/syncxxx/Documents/PacketAnalysis/05_recent_papers/pdf/electronics/W4401353118__wvett-net-a-novel-hybrid-prediction-model-for-wireless-network-traffic-based-on-variational-mode-decomposition.pdf,pdf,全文可检索；7篇引言精读范围见索引
W4416334798,A Dynamic Website Fingerprinting Defense by Emulating Spatio-Temporal Traffic Features,2025,ELECTRONICS,https://doi.org/10.3390/electronics14224441,/home/syncxxx/Documents/PacketAnalysis/05_recent_papers/pdf/electronics/W4416334798__a-dynamic-website-fingerprinting-defense-by-emulating-spatio-temporal-traffic-features.pdf,pdf,全文可检索；7篇引言精读范围见索引
W4416730355,"Data Traffic Prediction for 5G and Beyond: Emerging Trends, Challenges, and Future Directions: A Scoping Review",2025,ELECTRONICS,https://doi.org/10.3390/electronics14234611,/home/syncxxx/Documents/PacketAnalysis/05_recent_papers/pdf/electronics/W4416730355__data-traffic-prediction-for-5g-and-beyond-emerging-trends-challenges-and-future-directions-a-scoping-review.pdf,pdf,全文可检索；7篇引言精读范围见索引
W4416334889,E2E-MDC: End-to-End Multi-Modal Darknet Traffic Classification with Conditional Hierarchical Mechanism,2025,ELECTRONICS,https://doi.org/10.3390/electronics14224457,/home/syncxxx/Documents/PacketAnalysis/05_recent_papers/pdf/electronics/W4416334889__e2e-mdc-end-to-end-multi-modal-darknet-traffic-classification-with-conditional-hierarchical-mechanism.pdf,pdf,全文可检索；7篇引言精读范围见索引
W4409432169,Edge Exemplars Enhanced Incremental Learning Model for Tor-Obfuscated Traffic Identification,2025,ELECTRONICS,https://doi.org/10.3390/electronics14081589,/home/syncxxx/Documents/PacketAnalysis/05_recent_papers/pdf/electronics/W4409432169__edge-exemplars-enhanced-incremental-learning-model-for-tor-obfuscated-traffic-identification.pdf,pdf,全文可检索；7篇引言精读范围见索引
W4414098964,"Evaluating Filter, Wrapper, and Embedded Feature Selection Approaches for Encrypted Video Traffic Classification",2025,ELECTRONICS,https://doi.org/10.3390/electronics14183587,/home/syncxxx/Documents/PacketAnalysis/05_recent_papers/pdf/electronics/W4414098964__evaluating-filter-wrapper-and-embedded-feature-selection-approaches-for-encrypted-video-traffic-classification.pdf,pdf,全文可检索；7篇引言精读范围见索引
W4417365063,Federated Distributed Network Traffic Classification Based on Deep Mutual Learning,2025,ELECTRONICS,https://doi.org/10.3390/electronics14244928,/home/syncxxx/Documents/PacketAnalysis/05_recent_papers/pdf/electronics/W4417365063__federated-distributed-network-traffic-classification-based-on-deep-mutual-learning.pdf,pdf,全文可检索；7篇引言精读范围见索引
W4416958570,Few-Shot Learning for Malicious Traffic Detection with Sample Relevance Guided Attention,2025,ELECTRONICS,https://doi.org/10.3390/electronics14234717,/home/syncxxx/Documents/PacketAnalysis/05_recent_papers/pdf/electronics/W4416958570__few-shot-learning-for-malicious-traffic-detection-with-sample-relevance-guided-attention.pdf,pdf,全文可检索；7篇引言精读范围见索引
W4407627398,Fine-Grained Encrypted Traffic Classification Using Dual Embedding and Graph Neural Networks,2025,ELECTRONICS,https://doi.org/10.3390/electronics14040778,/home/syncxxx/Documents/PacketAnalysis/05_recent_papers/pdf/electronics/W4407627398__fine-grained-encrypted-traffic-classification-using-dual-embedding-and-graph-neural-networks.pdf | /home/syncxxx/Documents/PacketAnalysis/05_recent_papers/selected_traffic_semantic_mapping/electronics/02__fine-grained-encrypted-traffic-classification-using-dual-embedding-and-graph-neural-networks.pdf,pdf | selected_traffic_semantic_mapping,全文可检索；7篇引言精读范围见索引
W4416665868,GCN-MHA Method for Encrypted Malicious Traffic Detection and Classification,2025,ELECTRONICS,https://doi.org/10.3390/electronics14234627,/home/syncxxx/Documents/PacketAnalysis/05_recent_papers/pdf/electronics/W4416665868__gcn-mha-method-for-encrypted-malicious-traffic-detection-and-classification.pdf,pdf,全文可检索；7篇引言精读范围见索引
W4409381865,LG-BiTCN: A Lightweight Malicious Traffic Detection Model Based on Federated Learning for Internet of Things,2025,ELECTRONICS,https://doi.org/10.3390/electronics14081560,/home/syncxxx/Documents/PacketAnalysis/05_recent_papers/pdf/electronics/W4409381865__lg-bitcn-a-lightweight-malicious-traffic-detection-model-based-on-federated-learning-for-internet-of-things.pdf,pdf,全文可检索；7篇引言精读范围见索引
W4411673870,MFF: A Multimodal Feature Fusion Approach for Encrypted Traffic Classification,2025,ELECTRONICS,https://doi.org/10.3390/electronics14132584,/home/syncxxx/Documents/PacketAnalysis/05_recent_papers/pdf/electronics/W4411673870__mff-a-multimodal-feature-fusion-approach-for-encrypted-traffic-classification.pdf | /home/syncxxx/Documents/PacketAnalysis/05_recent_papers/selected_traffic_semantic_mapping/electronics/01__mff-a-multimodal-feature-fusion-approach-for-encrypted-traffic-classification.pdf,pdf | selected_traffic_semantic_mapping,全文可检索；7篇引言精读范围见索引
W4415721048,Unlocking Few-Shot Encrypted Traffic Classification: A Contrastive-Driven Meta-Learning Approach,2025,ELECTRONICS,https://doi.org/10.3390/electronics14214245,/home/syncxxx/Documents/PacketAnalysis/05_recent_papers/pdf/electronics/W4415721048__unlocking-few-shot-encrypted-traffic-classification-a-contrastive-driven-meta-learning-approach.pdf,pdf,全文可检索；7篇引言精读范围见索引
W7157222070,Beyond Byte-Level Modeling: Structure-Aware and Adaptive Traffic Classification for Encrypted Networks,2026,ELECTRONICS,https://doi.org/10.3390/electronics15091828,/home/syncxxx/Documents/PacketAnalysis/05_recent_papers/pdf/electronics/W7157222070__beyond-byte-level-modeling-structure-aware-and-adaptive-traffic-classification-for-encrypted-networks.pdf,pdf,全文可检索；7篇引言精读范围见索引
W7152660535,Encrypted Traffic Detection via a Federated Learning-Based Multi-Scale Feature Fusion Framework,2026,ELECTRONICS,https://doi.org/10.3390/electronics15081570,/home/syncxxx/Documents/PacketAnalysis/05_recent_papers/pdf/electronics/W7152660535__encrypted-traffic-detection-via-a-federated-learning-based-multi-scale-feature-fusion-framework.pdf,pdf,全文可检索；7篇引言精读范围见索引
W7168521608,Integrating Side-Channel Power Signals and Network Traffic for Machine Learning-Based Intrusion Detection in IoT,2026,ELECTRONICS,https://doi.org/10.3390/electronics15143114,/home/syncxxx/Documents/PacketAnalysis/05_recent_papers/pdf/electronics/W7168521608__integrating-side-channel-power-signals-and-network-traffic-for-machine-learning-based-intrusion-detection-in-i.pdf,pdf,全文可检索；7篇引言精读范围见索引
W7133129863,MeeDet: Efficient Malicious Traffic Detection Method via Mamba-Based Early-Exit Mechanism in IIoT Scenarios,2026,ELECTRONICS,https://doi.org/10.3390/electronics15051017,/home/syncxxx/Documents/PacketAnalysis/05_recent_papers/pdf/electronics/W7133129863__meedet-efficient-malicious-traffic-detection-method-via-mamba-based-early-exit-mechanism-in-iiot-scenarios.pdf,pdf,全文可检索；7篇引言精读范围见索引
W4387671303,IoT network traffic classification: a deep learning method with Fourier transform-assisted hyperparameter optimization,2023,FRONTIERS IN PHYSICS,https://doi.org/10.3389/fphy.2023.1273862,/home/syncxxx/Documents/PacketAnalysis/05_recent_papers/pdf/frontiers-in-physics/W4387671303__iot-network-traffic-classification-a-deep-learning-method-with-fourier-transform-assisted-hyperparameter-optim.pdf,pdf,书目盘点；重点阅读范围见索引
W4409898732,An abnormal traffic detection method for chain information management system network based on convolutional neural network,2025,FRONTIERS IN PHYSICS,https://doi.org/10.3389/fphy.2025.1592975,/home/syncxxx/Documents/PacketAnalysis/05_recent_papers/excluded_after_filter_audit/frontiers-in-physics/W4409898732__an-abnormal-traffic-detection-method-for-chain-information-management-system-network-based-on-convolutional-ne.pdf,excluded_after_filter_audit,书目盘点；重点阅读范围见索引
W4414262288,An agricultural network security situation awareness method based on fusion model in digital economy,2025,FRONTIERS IN PHYSICS,https://doi.org/10.3389/fphy.2025.1616779,/home/syncxxx/Documents/PacketAnalysis/05_recent_papers/excluded_after_filter_audit/frontiers-in-physics/W4414262288__an-agricultural-network-security-situation-awareness-method-based-on-fusion-model-in-digital-economy.pdf,excluded_after_filter_audit,书目盘点；重点阅读范围见索引
W7118006169,Intrusion detection model of UAV system based on machine learning and neural network,2026,FRONTIERS IN PHYSICS,https://doi.org/10.3389/fphy.2025.1660104,/home/syncxxx/Documents/PacketAnalysis/05_recent_papers/excluded_after_filter_audit/frontiers-in-physics/W7118006169__intrusion-detection-model-of-uav-system-based-on-machine-learning-and-neural-network.pdf,excluded_after_filter_audit,书目盘点；重点阅读范围见索引
W4390423471,Enhancing Detection of Malicious Traffic Through FPGA-Based Frequency Transformation and Machine Learning,2023,IEEE ACCESS,https://doi.org/10.1109/access.2023.3348234,/home/syncxxx/Documents/PacketAnalysis/05_recent_papers/analysis/retry/P064__W4390423471.pdf,analysis,书目盘点；重点阅读范围见索引
W4403977055,A Proactive Model for Intrusion Detection Using Image Representation of Network Flows,2024,IEEE ACCESS,https://doi.org/10.1109/access.2024.3489772,/home/syncxxx/Documents/PacketAnalysis/05_recent_papers/excluded_after_filter_audit/ieee-access/W4403977055__a-proactive-model-for-intrusion-detection-using-image-representation-of-network-flows.pdf,excluded_after_filter_audit,书目盘点；重点阅读范围见索引
W4399168322,Adaptive Priority Scheduling of Internet of Things Data for Disaster Management in Smart Cities,2024,IEEE ACCESS,https://doi.org/10.1109/access.2024.3407672,/home/syncxxx/Documents/PacketAnalysis/05_recent_papers/excluded_after_filter_audit/ieee-access/W4399168322__adaptive-priority-scheduling-of-internet-of-things-data-for-disaster-management-in-smart-cities.pdf,excluded_after_filter_audit,书目盘点；重点阅读范围见索引
W4390590971,Anteater: Advanced Persistent Threat Detection With Program Network Traffic Behavior,2024,IEEE ACCESS,https://doi.org/10.1109/access.2024.3349943,/home/syncxxx/Documents/PacketAnalysis/05_recent_papers/analysis/retry/P015__W4390590971.pdf,analysis,书目盘点；重点阅读范围见索引
W4391019849,Classifying Tor Traffic Encrypted Payload Using Machine Learning,2024,IEEE ACCESS,https://doi.org/10.1109/access.2024.3356073,/home/syncxxx/Documents/PacketAnalysis/05_recent_papers/excluded_after_filter_audit/ieee-access/W4391019849__classifying-tor-traffic-encrypted-payload-using-machine-learning.pdf,excluded_after_filter_audit,书目盘点；重点阅读范围见索引
W4404788087,Energy-Aware Adaptive Scheduling for Battery-Less 6TiSCH Routers in Industrial Wireless Sensor Networks,2024,IEEE ACCESS,https://doi.org/10.1109/access.2024.3508540,/home/syncxxx/Documents/PacketAnalysis/05_recent_papers/excluded_after_filter_audit/ieee-access/W4404788087__energy-aware-adaptive-scheduling-for-battery-less-6tisch-routers-in-industrial-wireless-sensor-networks.pdf,excluded_after_filter_audit,书目盘点；重点阅读范围见索引
W4390659333,Enhanced CNN-LSTM Deep Learning for SCADA IDS Featuring Hurst Parameter Self-Similarity,2024,IEEE ACCESS,https://doi.org/10.1109/access.2024.3350978,/home/syncxxx/Documents/PacketAnalysis/05_recent_papers/excluded_after_filter_audit/ieee-access/W4390659333__enhanced-cnn-lstm-deep-learning-for-scada-ids-featuring-hurst-parameter-self-similarity.pdf,excluded_after_filter_audit,书目盘点；重点阅读范围见索引
W4400188334,Exploring Potential of ML-Aided Mobile Traffic Prediction for Energy-Efficient Optimization of Network Resources Using Real World Dataset,2024,IEEE ACCESS,https://doi.org/10.1109/access.2024.3421633,/home/syncxxx/Documents/PacketAnalysis/05_recent_papers/pdf/ieee-access/W4400188334__exploring-potential-of-ml-aided-mobile-traffic-prediction-for-energy-efficient-optimization-of-network-resourc.pdf,pdf,书目盘点；重点阅读范围见索引
W4400877823,Feedback-Based Control Loop Congestion Control Algorithm for Wireless Networks,2024,IEEE ACCESS,https://doi.org/10.1109/access.2024.3431577,/home/syncxxx/Documents/PacketAnalysis/05_recent_papers/excluded_after_filter_audit/ieee-access/W4400877823__feedback-based-control-loop-congestion-control-algorithm-for-wireless-networks.pdf,excluded_after_filter_audit,书目盘点；重点阅读范围见索引
W4401507014,Hybrid Intrusion Detection System for RPL IoT Networks Using Machine Learning and Deep Learning,2024,IEEE ACCESS,https://doi.org/10.1109/access.2024.3442529,/home/syncxxx/Documents/PacketAnalysis/05_recent_papers/excluded_after_filter_audit/ieee-access/W4401507014__hybrid-intrusion-detection-system-for-rpl-iot-networks-using-machine-learning-and-deep-learning.pdf,excluded_after_filter_audit,书目盘点；重点阅读范围见索引
W4392174032,Improved Feature Selection and Stream Traffic Classification Based on Machine Learning in Software-Defined Networks,2024,IEEE ACCESS,https://doi.org/10.1109/access.2024.3370435,/home/syncxxx/Documents/PacketAnalysis/05_recent_papers/pdf/ieee-access/W4392174032__improved-feature-selection-and-stream-traffic-classification-based-on-machine-learning-in-software-defined-net.pdf,pdf,书目盘点；重点阅读范围见索引
W4405778557,Integration of Security Service Functions Into Network-Level Access Control,2024,IEEE ACCESS,https://doi.org/10.1109/access.2024.3522575,/home/syncxxx/Documents/PacketAnalysis/05_recent_papers/excluded_after_filter_audit/ieee-access/W4405778557__integration-of-security-service-functions-into-network-level-access-control.pdf,excluded_after_filter_audit,书目盘点；重点阅读范围见索引
W4400228974,Micro Software Defined Control (μSDC): Empowering Smart Grids With Enhanced Control and Optimization,2024,IEEE ACCESS,https://doi.org/10.1109/access.2024.3421947,/home/syncxxx/Documents/PacketAnalysis/05_recent_papers/excluded_after_filter_audit/ieee-access/W4400228974__micro-software-defined-control-sdc-empowering-smart-grids-with-enhanced-control-and-optimization.pdf,excluded_after_filter_audit,书目盘点；重点阅读范围见索引
W4390691228,Pattern Reduction for Low-Traffic Speculative Video Transmission in Cloud Gaming System,2024,IEEE ACCESS,https://doi.org/10.1109/access.2024.3352435,/home/syncxxx/Documents/PacketAnalysis/05_recent_papers/excluded_after_filter_audit/ieee-access/W4390691228__pattern-reduction-for-low-traffic-speculative-video-transmission-in-cloud-gaming-system.pdf,excluded_after_filter_audit,书目盘点；重点阅读范围见索引
W4393372247,Traffic Divergence Theory: An Analysis Formalism for Dynamic Networks,2024,IEEE ACCESS,https://doi.org/10.1109/access.2024.3383436,/home/syncxxx/Documents/PacketAnalysis/05_recent_papers/excluded_after_filter_audit/ieee-access/W4393372247__traffic-divergence-theory-an-analysis-formalism-for-dynamic-networks.pdf,excluded_after_filter_audit,书目盘点；重点阅读范围见索引
W4407449879,A Hybrid Deep Learning Model for Network Intrusion Detection System Using Seq2Seq and ConvLSTM-Subnets,2025,IEEE ACCESS,https://doi.org/10.1109/access.2025.3541399,/home/syncxxx/Documents/PacketAnalysis/05_recent_papers/excluded_after_filter_audit/ieee-access/W4407449879__a-hybrid-deep-learning-model-for-network-intrusion-detection-system-using-seq2seq-and-convlstm-subnets.pdf,excluded_after_filter_audit,书目盘点；重点阅读范围见索引
W4404260786,Architectural Selection Framework for Synthetic Network Traffic: Quantifying the Fidelity–Utility Trade-off,2025,IEEE ACCESS,https://doi.org/10.1109/access.2025.3646769,/home/syncxxx/Documents/PacketAnalysis/05_recent_papers/pdf/ieee-access/W4404260786__architectural-selection-framework-for-synthetic-network-traffic-quantifying-the-fidelity-utility-trade-off.pdf,pdf,书目盘点；重点阅读范围见索引
W4407097759,Class Imbalance in Network Traffic Classification: An Adaptive Weight Ensemble-of-Ensemble Learning Method,2025,IEEE ACCESS,https://doi.org/10.1109/access.2025.3538170,/home/syncxxx/Documents/PacketAnalysis/05_recent_papers/pdf/ieee-access/W4407097759__class-imbalance-in-network-traffic-classification-an-adaptive-weight-ensemble-of-ensemble-learning-method.pdf,pdf,书目盘点；重点阅读范围见索引
W4410152864,Detecting Advanced Persistent Threat Exfiltration With Ensemble Deep Learning Tree Models and Novel Detection Metrics,2025,IEEE ACCESS,https://doi.org/10.1109/access.2025.3567772,/home/syncxxx/Documents/PacketAnalysis/05_recent_papers/excluded_after_filter_audit/ieee-access/W4410152864__detecting-advanced-persistent-threat-exfiltration-with-ensemble-deep-learning-tree-models-and-novel-detection-.pdf,excluded_after_filter_audit,书目盘点；重点阅读范围见索引
W4412985063,LLM-Driven APT Detection for 6G Wireless Networks: A Systematic Review and Taxonomy,2025,IEEE ACCESS,https://doi.org/10.1109/access.2025.3595665,/home/syncxxx/Documents/PacketAnalysis/05_recent_papers/excluded_after_filter_audit/ieee-access/W4412985063__llm-driven-apt-detection-for-6g-wireless-networks-a-systematic-review-and-taxonomy.pdf,excluded_after_filter_audit,书目盘点；重点阅读范围见索引
W4416965778,Mixed-Runtime Pod Networking for Kubernetes-Based Edge Computing,2025,IEEE ACCESS,https://doi.org/10.1109/access.2025.3639761,/home/syncxxx/Documents/PacketAnalysis/05_recent_papers/excluded_after_filter_audit/ieee-access/W4416965778__mixed-runtime-pod-networking-for-kubernetes-based-edge-computing.pdf,excluded_after_filter_audit,书目盘点；重点阅读范围见索引
W4408791544,Novel Hybrid UNet++ and LSTM Model for Enhanced Attack Detection and Classification in IoMT Traffic,2025,IEEE ACCESS,https://doi.org/10.1109/access.2025.3553966,/home/syncxxx/Documents/PacketAnalysis/05_recent_papers/excluded_after_filter_audit/ieee-access/W4408791544__novel-hybrid-unet-and-lstm-model-for-enhanced-attack-detection-and-classification-in-iomt-traffic.pdf,excluded_after_filter_audit,书目盘点；重点阅读范围见索引
W4412605325,VPN Traffic Analysis: A Survey on Detection and Application Identification,2025,IEEE ACCESS,https://doi.org/10.1109/access.2025.3592152,/home/syncxxx/Documents/PacketAnalysis/05_recent_papers/excluded_after_filter_audit/ieee-access/W4412605325__vpn-traffic-analysis-a-survey-on-detection-and-application-identification.pdf,excluded_after_filter_audit,书目盘点；重点阅读范围见索引
W7203833828,An Integrated Lifecycle-Management Pipeline for UAV-Augmented Smart Parking Surveillance Across the Cloud–Edge–End Continuum,2026,IEEE ACCESS,https://doi.org/10.1109/access.2026.3725528,/home/syncxxx/Documents/PacketAnalysis/05_recent_papers/excluded_after_filter_audit/ieee-access/W7203833828__an-integrated-lifecycle-management-pipeline-for-uav-augmented-smart-parking-surveillance-across-the-cloud-edge.pdf,excluded_after_filter_audit,书目盘点；重点阅读范围见索引
W4400035805,The Blockchain Trilemma: An Evaluation Framework,2024,IEEE SOFTWARE,https://doi.org/10.1109/ms.2024.3417341,/home/syncxxx/Documents/PacketAnalysis/05_recent_papers/excluded_after_filter_audit/ieee-software/W4400035805__the-blockchain-trilemma-an-evaluation-framework.pdf,excluded_after_filter_audit,书目盘点；重点阅读范围见索引
W4390112759,A Scalable and Stacked Ensemble Approach to Improve Intrusion Detection in Clouds,2023,INFORMATION TECHNOLOGY AND CONTROL,https://doi.org/10.5755/j01.itc.52.4.32042,/home/syncxxx/Documents/PacketAnalysis/05_recent_papers/excluded_after_filter_audit/information-technology-and-control/W4390112759__a-scalable-and-stacked-ensemble-approach-to-improve-intrusion-detection-in-clouds.pdf,excluded_after_filter_audit,书目盘点；重点阅读范围见索引
W4414928803,Effect Analysis of Malicious Flow Classification Model Based on Representation Learning on Network Flow Anomaly Detection,2024,INFORMATION TECHNOLOGY AND CONTROL,https://doi.org/10.5755/j01.itc.53.3.34856,/home/syncxxx/Documents/PacketAnalysis/05_recent_papers/excluded_after_filter_audit/information-technology-and-control/W4414928803__effect-analysis-of-malicious-flow-classification-model-based-on-representation-learning-on-network-flow-anomal.pdf,excluded_after_filter_audit,书目盘点；重点阅读范围见索引
W4412388500,SAEDF: A Synthetic Anomaly-Enhanced Detection Framework for Detection of Unknown Network Attacks,2025,INFORMATION TECHNOLOGY AND CONTROL,https://doi.org/10.5755/j01.itc.54.2.40247,/home/syncxxx/Documents/PacketAnalysis/05_recent_papers/excluded_after_filter_audit/information-technology-and-control/W4412388500__saedf-a-synthetic-anomaly-enhanced-detection-framework-for-detection-of-unknown-network-attacks.pdf,excluded_after_filter_audit,书目盘点；重点阅读范围见索引
W4410099343,Agile Proactive Cybercrime Evidence Analysis Model for Digital Forensics,2025,INTERNATIONAL ARAB JOURNAL OF INFORMATION TECHNOLOGY,https://doi.org/10.34028/iajit/22/3/15,/home/syncxxx/Documents/PacketAnalysis/05_recent_papers/excluded_after_filter_audit/international-arab-journal-of-information-technology/W4410099343__agile-proactive-cybercrime-evidence-analysis-model-for-digital-forensics.pdf,excluded_after_filter_audit,书目盘点；重点阅读范围见索引
W4407980274,Multicasting Strategies for Increasing Network Efficiency in 5G Using Deep Learning,2025,INTERNATIONAL ARAB JOURNAL OF INFORMATION TECHNOLOGY,https://doi.org/10.34028/iajit/22/2/10,/home/syncxxx/Documents/PacketAnalysis/05_recent_papers/excluded_after_filter_audit/international-arab-journal-of-information-technology/W4407980274__multicasting-strategies-for-increasing-network-efficiency-in-5g-using-deep-learning.pdf,excluded_after_filter_audit,书目盘点；重点阅读范围见索引
W4400010767,A recombination generative adversarial network for intrusion detection,2024,INTERNATIONAL JOURNAL OF APPLIED MATHEMATICS AND COMPUTER SCIENCE,https://doi.org/10.61822/amcs-2024-0023,/home/syncxxx/Documents/PacketAnalysis/05_recent_papers/excluded_after_filter_audit/international-journal-of-applied-mathematics-and-computer-science/W4400010767__a-recombination-generative-adversarial-network-for-intrusion-detection.pdf,excluded_after_filter_audit,书目盘点；重点阅读范围见索引
W4391927311,Multi-scale Convolutional Feature Fusion Network Based on Attention Mechanism for IoT Traffic Classification,2024,INTERNATIONAL JOURNAL OF COMPUTATIONAL INTELLIGENCE SYSTEMS,https://doi.org/10.1007/s44196-024-00421-y,/home/syncxxx/Documents/PacketAnalysis/05_recent_papers/pdf/international-journal-of-computational-intelligence-systems/W4391927311__multi-scale-convolutional-feature-fusion-network-based-on-attention-mechanism-for-iot-traffic-classification.pdf,pdf,书目盘点；重点阅读范围见索引
W4412188621,An Anomaly Detection Method for Industrial System Cybersecurity Based on GGL-WAVE-CNN,2025,INTERNATIONAL JOURNAL OF COMPUTATIONAL INTELLIGENCE SYSTEMS,https://doi.org/10.1007/s44196-025-00832-5,/home/syncxxx/Documents/PacketAnalysis/05_recent_papers/excluded_after_filter_audit/international-journal-of-computational-intelligence-systems/W4412188621__an-anomaly-detection-method-for-industrial-system-cybersecurity-based-on-ggl-wave-cnn.pdf,excluded_after_filter_audit,书目盘点；重点阅读范围见索引
W4414690623,Enhancing IoT Network Security by Anomaly Detection and Intrusion Prevention Using Gannet Optimization-Based Adaptive Deep Capsule Network,2025,INTERNATIONAL JOURNAL OF COMPUTATIONAL INTELLIGENCE SYSTEMS,https://doi.org/10.1007/s44196-025-00940-2,/home/syncxxx/Documents/PacketAnalysis/05_recent_papers/excluded_after_filter_audit/international-journal-of-computational-intelligence-systems/W4414690623__enhancing-iot-network-security-by-anomaly-detection-and-intrusion-prevention-using-gannet-optimization-based-a.pdf,excluded_after_filter_audit,书目盘点；重点阅读范围见索引
W4415349487,Hybrid Cross-Temporal Contrastive Model with Spiking Energy-Efficient Network Intrusion Detection in IOMT,2025,INTERNATIONAL JOURNAL OF COMPUTATIONAL INTELLIGENCE SYSTEMS,https://doi.org/10.1007/s44196-025-00995-1,/home/syncxxx/Documents/PacketAnalysis/05_recent_papers/excluded_after_filter_audit/international-journal-of-computational-intelligence-systems/W4415349487__hybrid-cross-temporal-contrastive-model-with-spiking-energy-efficient-network-intrusion-detection-in-iomt.pdf,excluded_after_filter_audit,书目盘点；重点阅读范围见索引
W4410961237,SIP Flooding Attack Detection Technology of Multi-agent System Covert Network Based on BiGRU Algorithm,2025,INTERNATIONAL JOURNAL OF COMPUTATIONAL INTELLIGENCE SYSTEMS,https://doi.org/10.1007/s44196-025-00864-x,/home/syncxxx/Documents/PacketAnalysis/05_recent_papers/excluded_after_filter_audit/international-journal-of-computational-intelligence-systems/W4410961237__sip-flooding-attack-detection-technology-of-multi-agent-system-covert-network-based-on-bigru-algorithm.pdf,excluded_after_filter_audit,书目盘点；重点阅读范围见索引
W4412733739,Systematic Approach for Malware Detection in IoT Devices: Enhancing Security and Performance,2025,INTERNATIONAL JOURNAL OF COMPUTATIONAL INTELLIGENCE SYSTEMS,https://doi.org/10.1007/s44196-025-00939-9,/home/syncxxx/Documents/PacketAnalysis/05_recent_papers/excluded_after_filter_audit/international-journal-of-computational-intelligence-systems/W4412733739__systematic-approach-for-malware-detection-in-iot-devices-enhancing-security-and-performance.pdf,excluded_after_filter_audit,书目盘点；重点阅读范围见索引
W4415349566,Unified AI Models for Network Security on Edge Devices,2025,INTERNATIONAL JOURNAL OF COMPUTATIONAL INTELLIGENCE SYSTEMS,https://doi.org/10.1007/s44196-025-00990-6,/home/syncxxx/Documents/PacketAnalysis/05_recent_papers/excluded_after_filter_audit/international-journal-of-computational-intelligence-systems/W4415349566__unified-ai-models-for-network-security-on-edge-devices.pdf,excluded_after_filter_audit,书目盘点；重点阅读范围见索引
W7164027636,A Chaos-Enhanced Hybrid Metaheuristic Feature Selection for Intrusion Detection Using Artificial Neural Networks,2026,INTERNATIONAL JOURNAL OF COMPUTATIONAL INTELLIGENCE SYSTEMS,https://doi.org/10.1007/s44196-026-01417-6,/home/syncxxx/Documents/PacketAnalysis/05_recent_papers/excluded_after_filter_audit/international-journal-of-computational-intelligence-systems/W7164027636__a-chaos-enhanced-hybrid-metaheuristic-feature-selection-for-intrusion-detection-using-artificial-neural-networ.pdf,excluded_after_filter_audit,书目盘点；重点阅读范围见索引
W7160651455,An Advanced Multimodal Deep Learning Framework with Self-Attentive Multi-Layer Perceptron’s for Mitigating Multi-vector Cyber Attacks,2026,INTERNATIONAL JOURNAL OF COMPUTATIONAL INTELLIGENCE SYSTEMS,https://doi.org/10.1007/s44196-026-01310-2,/home/syncxxx/Documents/PacketAnalysis/05_recent_papers/excluded_after_filter_audit/international-journal-of-computational-intelligence-systems/W7160651455__an-advanced-multimodal-deep-learning-framework-with-self-attentive-multi-layer-perceptron-s-for-mitigating-mul.pdf,excluded_after_filter_audit,书目盘点；重点阅读范围见索引
W7130337570,An Enhanced Horse Herding Optimizer-Driven Feature Selection Approach Integrated with CNN for Network Intrusion Detection Systems,2026,INTERNATIONAL JOURNAL OF COMPUTATIONAL INTELLIGENCE SYSTEMS,https://doi.org/10.1007/s44196-026-01167-5,/home/syncxxx/Documents/PacketAnalysis/05_recent_papers/excluded_after_filter_audit/international-journal-of-computational-intelligence-systems/W7130337570__an-enhanced-horse-herding-optimizer-driven-feature-selection-approach-integrated-with-cnn-for-network-intrusio.pdf,excluded_after_filter_audit,书目盘点；重点阅读范围见索引
W7155180578,Application of Mobile Network Traffic Classification in Audio Processing Design for Western Orchestra Creation,2026,INTERNATIONAL JOURNAL OF COMPUTATIONAL INTELLIGENCE SYSTEMS,https://doi.org/10.1007/s44196-026-01232-z,/home/syncxxx/Documents/PacketAnalysis/05_recent_papers/pdf/international-journal-of-computational-intelligence-systems/W7155180578__application-of-mobile-network-traffic-classification-in-audio-processing-design-for-western-orchestra-creation.pdf,pdf,书目盘点；重点阅读范围见索引
W7161494962,Denial of Service Signature-Guided Deep Neural Learning for Unseen IoT Attack Detection,2026,INTERNATIONAL JOURNAL OF COMPUTATIONAL INTELLIGENCE SYSTEMS,https://doi.org/10.1007/s44196-026-01268-1,/home/syncxxx/Documents/PacketAnalysis/05_recent_papers/excluded_after_filter_audit/international-journal-of-computational-intelligence-systems/W7161494962__denial-of-service-signature-guided-deep-neural-learning-for-unseen-iot-attack-detection.pdf,excluded_after_filter_audit,书目盘点；重点阅读范围见索引
W7127055140,Dual Authentication-based Deep Learning Model for Cyber Threat Detection in Security Operations Centers,2026,INTERNATIONAL JOURNAL OF COMPUTATIONAL INTELLIGENCE SYSTEMS,https://doi.org/10.1007/s44196-025-01137-3,/home/syncxxx/Documents/PacketAnalysis/05_recent_papers/excluded_after_filter_audit/international-journal-of-computational-intelligence-systems/W7127055140__dual-authentication-based-deep-learning-model-for-cyber-threat-detection-in-security-operations-centers.pdf,excluded_after_filter_audit,书目盘点；重点阅读范围见索引
W7203835450,"Harvest Now, Decrypt Later as a Cross-sector Threat: A Scoping Review of Data-confidentiality Lifetimes Against Post-quantum Migration Readiness",2026,INTERNATIONAL JOURNAL OF COMPUTATIONAL INTELLIGENCE SYSTEMS,https://doi.org/10.1007/s44196-026-01526-2,/home/syncxxx/Documents/PacketAnalysis/05_recent_papers/excluded_after_filter_audit/international-journal-of-computational-intelligence-systems/W7203835450__harvest-now-decrypt-later-as-a-cross-sector-threat-a-scoping-review-of-data-confidentiality-lifetimes-against-.pdf,excluded_after_filter_audit,书目盘点；重点阅读范围见索引
W7208752606,Mutation Pelican Optimization Algorithm (MPOA) Based Feature Selection and DCNN Model For Traffic Anomaly Detection,2026,INTERNATIONAL JOURNAL OF COMPUTATIONAL INTELLIGENCE SYSTEMS,https://doi.org/10.1007/s44196-026-01557-9,/home/syncxxx/Documents/PacketAnalysis/05_recent_papers/pdf/international-journal-of-computational-intelligence-systems/W7208752606__mutation-pelican-optimization-algorithm-mpoa-based-feature-selection-and-dcnn-model-for-traffic-anomaly-detect.pdf,pdf,书目盘点；重点阅读范围见索引
W7128915404,SecureRiskNet: An Advanced AI-Driven Framework for Intelligent Security Risk Detection in Heterogeneous Cloud-Fog Computing Networks,2026,INTERNATIONAL JOURNAL OF COMPUTATIONAL INTELLIGENCE SYSTEMS,https://doi.org/10.1007/s44196-025-01117-7,/home/syncxxx/Documents/PacketAnalysis/05_recent_papers/excluded_after_filter_audit/international-journal-of-computational-intelligence-systems/W7128915404__securerisknet-an-advanced-ai-driven-framework-for-intelligent-security-risk-detection-in-heterogeneous-cloud-f.pdf,excluded_after_filter_audit,书目盘点；重点阅读范围见索引
W4402354613,6G in medical robotics: development of network allocation strategies for a telerobotic examination system,2024,INTERNATIONAL JOURNAL OF COMPUTER ASSISTED RADIOLOGY AND SURGERY,https://doi.org/10.1007/s11548-024-03260-6,/home/syncxxx/Documents/PacketAnalysis/05_recent_papers/excluded_after_filter_audit/international-journal-of-computer-assisted-radiology-and-surgery/W4402354613__6g-in-medical-robotics-development-of-network-allocation-strategies-for-a-telerobotic-examination-system.pdf,excluded_after_filter_audit,书目盘点；重点阅读范围见索引
W4396633430,Contextual Information Based Scheduling for Service Migration in Mobile Edge Computing,2024,INTERNATIONAL JOURNAL OF COMPUTERS COMMUNICATIONS & CONTROL,https://doi.org/10.15837/ijccc.2024.3.6143,/home/syncxxx/Documents/PacketAnalysis/05_recent_papers/excluded_after_filter_audit/international-journal-of-computers-communications-control/W4396633430__contextual-information-based-scheduling-for-service-migration-in-mobile-edge-computing.pdf,excluded_after_filter_audit,书目盘点；重点阅读范围见索引
W4411864933,A Normalizing Flow-Based Semi-Supervised Method for Imbalanced Network Intrusion Detection,2025,INTERNATIONAL JOURNAL OF COMPUTERS COMMUNICATIONS & CONTROL,https://doi.org/10.15837/ijccc.2025.4.6890,/home/syncxxx/Documents/PacketAnalysis/05_recent_papers/excluded_after_filter_audit/international-journal-of-computers-communications-control/W4411864933__a-normalizing-flow-based-semi-supervised-method-for-imbalanced-network-intrusion-detection.pdf,excluded_after_filter_audit,书目盘点；重点阅读范围见索引
W4415905191,Intrusion Detection in Marine Networks Based on Feature Dimension Reduction and Graph Convolution,2025,INTERNATIONAL JOURNAL OF COMPUTERS COMMUNICATIONS & CONTROL,https://doi.org/10.15837/ijccc.2025.5.6832,/home/syncxxx/Documents/PacketAnalysis/05_recent_papers/excluded_after_filter_audit/international-journal-of-computers-communications-control/W4415905191__intrusion-detection-in-marine-networks-based-on-feature-dimension-reduction-and-graph-convolution.pdf,excluded_after_filter_audit,书目盘点；重点阅读范围见索引
W7162461199,Cosine Distance-Based Fuzzy C-Means Clustering for Local Classification in Imbalanced Network Intrusion Detection,2026,INTERNATIONAL JOURNAL OF COMPUTERS COMMUNICATIONS & CONTROL,https://doi.org/10.15837/ijccc.2026.3.7305,/home/syncxxx/Documents/PacketAnalysis/05_recent_papers/excluded_after_filter_audit/international-journal-of-computers-communications-control/W7162461199__cosine-distance-based-fuzzy-c-means-clustering-for-local-classification-in-imbalanced-network-intrusion-detect.pdf,excluded_after_filter_audit,书目盘点；重点阅读范围见索引
W4413872235,An auxiliary caching strategy for mobile cache networks,2025,INTERNATIONAL JOURNAL OF INDUSTRIAL ENGINEERING COMPUTATIONS,https://doi.org/10.5267/j.ijiec.2025.6.007,/home/syncxxx/Documents/PacketAnalysis/05_recent_papers/excluded_after_filter_audit/international-journal-of-industrial-engineering-computations/W4413872235__an-auxiliary-caching-strategy-for-mobile-cache-networks.pdf,excluded_after_filter_audit,书目盘点；重点阅读范围见索引
W4390013300,A perspective–retrospective analysis of diversity in signature-based open-source network intrusion detection systems,2023,INTERNATIONAL JOURNAL OF INFORMATION SECURITY,https://doi.org/10.1007/s10207-023-00794-9,/home/syncxxx/Documents/PacketAnalysis/05_recent_papers/excluded_after_filter_audit/international-journal-of-information-security/W4390013300__a-perspective-retrospective-analysis-of-diversity-in-signature-based-open-source-network-intrusion-detection-s.pdf,excluded_after_filter_audit,书目盘点；重点阅读范围见索引
W4401578844,A distributed and cooperative signature-based intrusion detection system framework for multi-channel man-in-the-middle attacks against protected Wi-Fi networks,2024,INTERNATIONAL JOURNAL OF INFORMATION SECURITY,https://doi.org/10.1007/s10207-024-00899-9,/home/syncxxx/Documents/PacketAnalysis/05_recent_papers/excluded_after_filter_audit/international-journal-of-information-security/W4401578844__a-distributed-and-cooperative-signature-based-intrusion-detection-system-framework-for-multi-channel-man-in-th.pdf,excluded_after_filter_audit,书目盘点；重点阅读范围见索引
W4394755835,Adversarial attack detection framework based on optimized weighted conditional stepwise adversarial network,2024,INTERNATIONAL JOURNAL OF INFORMATION SECURITY,https://doi.org/10.1007/s10207-024-00844-w,/home/syncxxx/Documents/PacketAnalysis/05_recent_papers/excluded_after_filter_audit/international-journal-of-information-security/W4394755835__adversarial-attack-detection-framework-based-on-optimized-weighted-conditional-stepwise-adversarial-network.pdf,excluded_after_filter_audit,书目盘点；重点阅读范围见索引
W4400919536,Collaborative intrusion detection using weighted ensemble averaging deep neural network for coordinated attack detection in heterogeneous network,2024,INTERNATIONAL JOURNAL OF INFORMATION SECURITY,https://doi.org/10.1007/s10207-024-00891-3,/home/syncxxx/Documents/PacketAnalysis/05_recent_papers/excluded_after_filter_audit/international-journal-of-information-security/W4400919536__collaborative-intrusion-detection-using-weighted-ensemble-averaging-deep-neural-network-for-coordinated-attack.pdf,excluded_after_filter_audit,书目盘点；重点阅读范围见索引
W4408638362,Enhancing network security through integration of game theory in software-defined networking framework,2025,INTERNATIONAL JOURNAL OF INFORMATION SECURITY,https://doi.org/10.1007/s10207-025-01012-4,/home/syncxxx/Documents/PacketAnalysis/05_recent_papers/excluded_after_filter_audit/international-journal-of-information-security/W4408638362__enhancing-network-security-through-integration-of-game-theory-in-software-defined-networking-framework.pdf,excluded_after_filter_audit,书目盘点；重点阅读范围见索引
W4414202127,Systematic review and characterisation of malicious industrial network traffic datasets,2025,INTERNATIONAL JOURNAL OF INFORMATION SECURITY,https://doi.org/10.1007/s10207-025-01126-9,/home/syncxxx/Documents/PacketAnalysis/05_recent_papers/pdf/international-journal-of-information-security/W4414202127__systematic-review-and-characterisation-of-malicious-industrial-network-traffic-datasets.pdf,pdf,书目盘点；重点阅读范围见索引
W7136192065,A hybrid feature fusion approach for multiclass Wi-Fi intrusion detection using classical machine learning,2026,INTERNATIONAL JOURNAL OF INFORMATION SECURITY,https://doi.org/10.1007/s10207-026-01224-2,/home/syncxxx/Documents/PacketAnalysis/05_recent_papers/excluded_after_filter_audit/international-journal-of-information-security/W7136192065__a-hybrid-feature-fusion-approach-for-multiclass-wi-fi-intrusion-detection-using-classical-machine-learning.pdf,excluded_after_filter_audit,书目盘点；重点阅读范围见索引
W7165959683,AN OPTIMIZED HYBRID RANDOM FOREST–SUPPORT VECTOR MACHINE FRAMEWORK FOR BOTNET-DRIVEN DDOS ATTACK DETECTION USING MOTH-FLAME OPTIMIZATION,2026,INTERNATIONAL JOURNAL OF INFORMATION SECURITY,https://doi.org/10.34218/ijis_05_01_006,/home/syncxxx/Documents/PacketAnalysis/05_recent_papers/excluded_after_filter_audit/international-journal-of-information-security/W7165959683__an-optimized-hybrid-random-forest-support-vector-machine-framework-for-botnet-driven-ddos-attack-detection-usi.pdf,excluded_after_filter_audit,书目盘点；重点阅读范围见索引
W7213228258,Beaconing detection via timing-based flow metadata analysis: implications for SCADA/ICS,2026,INTERNATIONAL JOURNAL OF INFORMATION SECURITY,https://doi.org/10.1007/s10207-026-01335-w,/home/syncxxx/Documents/PacketAnalysis/05_recent_papers/excluded_after_filter_audit/international-journal-of-information-security/W7213228258__beaconing-detection-via-timing-based-flow-metadata-analysis-implications-for-scada-ics.pdf,excluded_after_filter_audit,书目盘点；重点阅读范围见索引
W7168248296,Detecting adversarial evasion in deep learning intrusion detection systems using explainable AI,2026,INTERNATIONAL JOURNAL OF INFORMATION SECURITY,https://doi.org/10.1007/s10207-026-01299-x,/home/syncxxx/Documents/PacketAnalysis/05_recent_papers/excluded_after_filter_audit/international-journal-of-information-security/W7168248296__detecting-adversarial-evasion-in-deep-learning-intrusion-detection-systems-using-explainable-ai.pdf,excluded_after_filter_audit,书目盘点；重点阅读范围见索引
W7134032408,Enhancing software-defined network security with deep learning: a comprehensive review,2026,INTERNATIONAL JOURNAL OF INFORMATION SECURITY,https://doi.org/10.1007/s10207-026-01232-2,/home/syncxxx/Documents/PacketAnalysis/05_recent_papers/excluded_after_filter_audit/international-journal-of-information-security/W7134032408__enhancing-software-defined-network-security-with-deep-learning-a-comprehensive-review.pdf,excluded_after_filter_audit,书目盘点；重点阅读范围见索引
W7159889204,RADAR: Robust aggregation with dynamic adversarial-resilient routing decentralized federated learning,2026,INTERNATIONAL JOURNAL OF INFORMATION SECURITY,https://doi.org/10.1007/s10207-026-01257-7,/home/syncxxx/Documents/PacketAnalysis/05_recent_papers/excluded_after_filter_audit/international-journal-of-information-security/W7159889204__radar-robust-aggregation-with-dynamic-adversarial-resilient-routing-decentralized-federated-learning.pdf,excluded_after_filter_audit,书目盘点；重点阅读范围见索引
W7166836035,SurIoT: Automatic generation of Internet-of-Medical-Things Network Intrusion Detection and Prevention Rules,2026,INTERNATIONAL JOURNAL OF INFORMATION SECURITY,https://doi.org/10.1007/s10207-026-01285-3,/home/syncxxx/Documents/PacketAnalysis/05_recent_papers/excluded_after_filter_audit/international-journal-of-information-security/W7166836035__suriot-automatic-generation-of-internet-of-medical-things-network-intrusion-detection-and-prevention-rules.pdf,excluded_after_filter_audit,书目盘点；重点阅读范围见索引
W7213366548,Towards distinguishing cybersecurity attacks and safety faults in distributed energy resources-rich smart grids: a systematic literature review,2026,INTERNATIONAL JOURNAL OF INFORMATION SECURITY,https://doi.org/10.1007/s10207-026-01308-z,/home/syncxxx/Documents/PacketAnalysis/05_recent_papers/excluded_after_filter_audit/international-journal-of-information-security/W7213366548__towards-distinguishing-cybersecurity-attacks-and-safety-faults-in-distributed-energy-resources-rich-smart-grid.pdf,excluded_after_filter_audit,书目盘点；重点阅读范围见索引
W4406342636,An improved cyber-attack detection and classification model for the internet of things systems using fine-tuned deep learning model,2025,INTERNATIONAL JOURNAL OF SENSOR NETWORKS,https://doi.org/10.1504/ijsnet.2025.143909,/home/syncxxx/Documents/PacketAnalysis/05_recent_papers/excluded_after_filter_audit/international-journal-of-sensor-networks/W4406342636__an-improved-cyber-attack-detection-and-classification-model-for-the-internet-of-things-systems-using-fine-tune.pdf,excluded_after_filter_audit,书目盘点；重点阅读范围见索引
W4400188413,Network- and application-aware adaptive congestion control algorithm,2024,JOURNAL OF COMMUNICATIONS AND NETWORKS,https://doi.org/10.23919/jcn.2023.000052,/home/syncxxx/Documents/PacketAnalysis/05_recent_papers/excluded_after_filter_audit/journal-of-communications-and-networks/W4400188413__network-and-application-aware-adaptive-congestion-control-algorithm.pdf,excluded_after_filter_audit,书目盘点；重点阅读范围见索引
W4403377365,Deep Learning based Bursty Traffic Discrimination and Management using Sandpile Model,2024,JOURNAL OF SCIENTIFIC & INDUSTRIAL RESEARCH,https://doi.org/10.56042/jsir.v83i10.4981,/home/syncxxx/Documents/PacketAnalysis/05_recent_papers/excluded_after_filter_audit/journal-of-scientific-industrial-research/W4403377365__deep-learning-based-bursty-traffic-discrimination-and-management-using-sandpile-model.pdf,excluded_after_filter_audit,书目盘点；重点阅读范围见索引
W4390031928,MDROGWL: modified deep reinforcement oppositional wolf learning for group key management in IoT environment,2023,JOURNAL OF SUPERCOMPUTING,https://doi.org/10.1007/s11227-023-05809-9,/home/syncxxx/Documents/PacketAnalysis/05_recent_papers/excluded_after_filter_audit/journal-of-supercomputing/W4390031928__mdrogwl-modified-deep-reinforcement-oppositional-wolf-learning-for-group-key-management-in-iot-environment.pdf,excluded_after_filter_audit,书目盘点；重点阅读范围见索引
W4396938916,A federated learning approach to network intrusion detection using residual networks in industrial IoT networks,2024,JOURNAL OF SUPERCOMPUTING,https://doi.org/10.1007/s11227-024-06153-2,/home/syncxxx/Documents/PacketAnalysis/05_recent_papers/excluded_after_filter_audit/journal-of-supercomputing/W4396938916__a-federated-learning-approach-to-network-intrusion-detection-using-residual-networks-in-industrial-iot-network.pdf,excluded_after_filter_audit,书目盘点；重点阅读范围见索引
W4404724873,PDCF-DRL: a contention window backoff scheme based on deep reinforcement learning for differentiating access categories,2024,JOURNAL OF SUPERCOMPUTING,https://doi.org/10.1007/s11227-024-06634-4,/home/syncxxx/Documents/PacketAnalysis/05_recent_papers/excluded_after_filter_audit/journal-of-supercomputing/W4404724873__pdcf-drl-a-contention-window-backoff-scheme-based-on-deep-reinforcement-learning-for-differentiating-access-ca.pdf,excluded_after_filter_audit,书目盘点；重点阅读范围见索引
W4408197664,An approach to botnet attacks in the fog computing layer and Apache Spark for smart cities,2025,JOURNAL OF SUPERCOMPUTING,https://doi.org/10.1007/s11227-024-06915-y,/home/syncxxx/Documents/PacketAnalysis/05_recent_papers/excluded_after_filter_audit/journal-of-supercomputing/W4408197664__an-approach-to-botnet-attacks-in-the-fog-computing-layer-and-apache-spark-for-smart-cities.pdf,excluded_after_filter_audit,书目盘点；重点阅读范围见索引
W4410287452,Detecting cyberattacks in smart grids using VGG-16 and whale-fisher mantis optimization algorithm (WOA-FMO),2025,JOURNAL OF SUPERCOMPUTING,https://doi.org/10.1007/s11227-025-07345-0,/home/syncxxx/Documents/PacketAnalysis/05_recent_papers/excluded_after_filter_audit/journal-of-supercomputing/W4410287452__detecting-cyberattacks-in-smart-grids-using-vgg-16-and-whale-fisher-mantis-optimization-algorithm-woa-fmo.pdf,excluded_after_filter_audit,书目盘点；重点阅读范围见索引
W4410893541,Directional features and rule-based labeling for real-time network traffic-based android spyware classification,2025,JOURNAL OF SUPERCOMPUTING,https://doi.org/10.1007/s11227-025-07391-8,/home/syncxxx/Documents/PacketAnalysis/05_recent_papers/pdf/journal-of-supercomputing/W4410893541__directional-features-and-rule-based-labeling-for-real-time-network-traffic-based-android-spyware-classificatio.pdf,pdf,书目盘点；重点阅读范围见索引
W7140569722,An explainable network-aware self-adaptive cyber-resilient architecture using policy-based reinforcement learning,2026,JOURNAL OF SUPERCOMPUTING,https://doi.org/10.1007/s11227-026-08435-3,/home/syncxxx/Documents/PacketAnalysis/05_recent_papers/excluded_after_filter_audit/journal-of-supercomputing/W7140569722__an-explainable-network-aware-self-adaptive-cyber-resilient-architecture-using-policy-based-reinforcement-learn.pdf,excluded_after_filter_audit,书目盘点；重点阅读范围见索引
W7146978458,Simulation-powered cybersecurity: real-time risk assessment via non-intrusive security twin,2026,JOURNAL OF SUPERCOMPUTING,https://doi.org/10.1007/s11227-026-08454-0,/home/syncxxx/Documents/PacketAnalysis/05_recent_papers/excluded_after_filter_audit/journal-of-supercomputing/W7146978458__simulation-powered-cybersecurity-real-time-risk-assessment-via-non-intrusive-security-twin.pdf,excluded_after_filter_audit,书目盘点；重点阅读范围见索引
W4413434544,Towards the Generation of Virtualized Network Traffic According to Modern Data Centers,2025,JOURNAL OF UNIVERSAL COMPUTER SCIENCE,https://doi.org/10.3897/jucs.140463,/home/syncxxx/Documents/PacketAnalysis/05_recent_papers/pdf/journal-of-universal-computer-science/W4413434544__towards-the-generation-of-virtualized-network-traffic-according-to-modern-data-centers.pdf,pdf,书目盘点；重点阅读范围见索引
W7125419085,CBM-IDS: An Advanced Hybrid Deep Learning Model for DDoS Attack Detection in IoT Networks,2026,JOURNAL OF UNIVERSAL COMPUTER SCIENCE,https://doi.org/10.3897/jucs.146099,/home/syncxxx/Documents/PacketAnalysis/05_recent_papers/excluded_after_filter_audit/journal-of-universal-computer-science/W7125419085__cbm-ids-an-advanced-hybrid-deep-learning-model-for-ddos-attack-detection-in-iot-networks.pdf,excluded_after_filter_audit,书目盘点；重点阅读范围见索引
W7170327741,Energy Efficient 6G performance Improvement based on Service Level Recursive Scheduling routing using Priority Cycle Tags,2026,JOURNAL OF UNIVERSAL COMPUTER SCIENCE,https://doi.org/10.3897/jucs.171777,/home/syncxxx/Documents/PacketAnalysis/05_recent_papers/excluded_after_filter_audit/journal-of-universal-computer-science/W7170327741__energy-efficient-6g-performance-improvement-based-on-service-level-recursive-scheduling-routing-using-priority.pdf,excluded_after_filter_audit,书目盘点；重点阅读范围见索引
W7131074242,Steganography in the QUIC Communication Protocol,2026,JOURNAL OF UNIVERSAL COMPUTER SCIENCE,https://doi.org/10.3897/jucs.154672,/home/syncxxx/Documents/PacketAnalysis/05_recent_papers/excluded_after_filter_audit/journal-of-universal-computer-science/W7131074242__steganography-in-the-quic-communication-protocol.pdf,excluded_after_filter_audit,书目盘点；重点阅读范围见索引
W4404028220,Adversarial Attacks on Pre-trained Deep Learning Models for Encrypted Traffic Analysis,2024,JOURNAL OF WEB ENGINEERING,https://doi.org/10.13052/jwe1540-9589.2361,/home/syncxxx/Documents/PacketAnalysis/05_recent_papers/pdf/journal-of-web-engineering/W4404028220__adversarial-attacks-on-pre-trained-deep-learning-models-for-encrypted-traffic-analysis.pdf,pdf,书目盘点；重点阅读范围见索引
W4409715998,Research on Deep Learning and Feature Aggregation Techniques for Web Security,2025,JOURNAL OF WEB ENGINEERING,https://doi.org/10.13052/jwe1540-9589.2426,/home/syncxxx/Documents/PacketAnalysis/05_recent_papers/excluded_after_filter_audit/journal-of-web-engineering/W4409715998__research-on-deep-learning-and-feature-aggregation-techniques-for-web-security.pdf,excluded_after_filter_audit,书目盘点；重点阅读范围见索引
W7167529669,Artificial Intelligence-Based Anomaly Detection for Large-Scale Web Data Security Monitoring,2026,JOURNAL OF WEB ENGINEERING,https://doi.org/10.13052/jwe1540-9589.2557,/home/syncxxx/Documents/PacketAnalysis/05_recent_papers/excluded_after_filter_audit/journal-of-web-engineering/W7167529669__artificial-intelligence-based-anomaly-detection-for-large-scale-web-data-security-monitoring.pdf,excluded_after_filter_audit,书目盘点；重点阅读范围见索引
W4409488272,A New Flow-Based Approach for Enhancing Botnet Detection Efficiency Using Convolutional Neural Networks and Long Short-Term Memory,2025,KNOWLEDGE AND INFORMATION SYSTEMS,https://doi.org/10.1007/s10115-025-02410-9,/home/syncxxx/Documents/PacketAnalysis/05_recent_papers/excluded_after_filter_audit/knowledge-and-information-systems/W4409488272__a-new-flow-based-approach-for-enhancing-botnet-detection-efficiency-using-convolutional-neural-networks-and-lo.pdf,excluded_after_filter_audit,书目盘点；重点阅读范围见索引
W4392968916,Evaluating the Impact of Different Feature as a Counter Data Aggregation approaches on the Performance of NIDSs and Their Selected Features,2024,LOGIC JOURNAL OF THE IGPL,https://doi.org/10.1093/jigpal/jzae007,/home/syncxxx/Documents/PacketAnalysis/05_recent_papers/excluded_after_filter_audit/logic-journal-of-the-igpl/W4392968916__evaluating-the-impact-of-different-feature-as-a-counter-data-aggregation-approaches-on-the-performance-of-nids.pdf,excluded_after_filter_audit,书目盘点；重点阅读范围见索引
W4389167318,Forecasting of mobile network traffic and spatio–temporal analysis using modLSTM,2023,MACHINE LEARNING,https://doi.org/10.1007/s10994-023-06471-1,/home/syncxxx/Documents/PacketAnalysis/05_recent_papers/pdf/machine-learning/W4389167318__forecasting-of-mobile-network-traffic-and-spatio-temporal-analysis-using-modlstm.pdf,pdf,书目盘点；重点阅读范围见索引
W4387060706,A Practical Website Fingerprinting Attack via CNN-Based Transfer Learning,2023,MATHEMATICS,https://doi.org/10.3390/math11194078,/home/syncxxx/Documents/PacketAnalysis/05_recent_papers/pdf/mathematics/W4387060706__a-practical-website-fingerprinting-attack-via-cnn-based-transfer-learning.pdf | /home/syncxxx/Documents/PacketAnalysis/05_recent_papers/selected_traffic_semantic_mapping/mathematics/05__a-practical-website-fingerprinting-attack-via-cnn-based-transfer-learning.pdf,pdf | selected_traffic_semantic_mapping,书目盘点；重点阅读范围见索引
W4401705532,Communication-Efficient Wireless Traffic Prediction with Federated Learning,2024,MATHEMATICS,https://doi.org/10.3390/math12162539,/home/syncxxx/Documents/PacketAnalysis/05_recent_papers/pdf/mathematics/W4401705532__communication-efficient-wireless-traffic-prediction-with-federated-learning.pdf,pdf,书目盘点；重点阅读范围见索引
W4416595973,Efficient Network Traffic Analysis Using Large-Parameter LLMs on Consumer-Grade GPUs,2025,MATHEMATICS,https://doi.org/10.3390/math13233754,/home/syncxxx/Documents/PacketAnalysis/05_recent_papers/pdf/mathematics/W4416595973__efficient-network-traffic-analysis-using-large-parameter-llms-on-consumer-grade-gpus.pdf | /home/syncxxx/Documents/PacketAnalysis/05_recent_papers/selected_traffic_semantic_mapping/mathematics/04__efficient-network-traffic-analysis-using-large-parameter-llms-on-consumer-grade-gpus.pdf,pdf | selected_traffic_semantic_mapping,书目盘点；重点阅读范围见索引
W7127154365,ALF-MoE: An Attention-Based Learnable Fusion of Specialized Expert Networks for Accurate Traffic Classification,2026,MATHEMATICS,https://doi.org/10.3390/math14030525,/home/syncxxx/Documents/PacketAnalysis/05_recent_papers/pdf/mathematics/W7127154365__alf-moe-an-attention-based-learnable-fusion-of-specialized-expert-networks-for-accurate-traffic-classification.pdf | /home/syncxxx/Documents/PacketAnalysis/05_recent_papers/selected_traffic_semantic_mapping/mathematics/03__alf-moe-an-attention-based-learnable-fusion-of-specialized-expert-networks-for-accurate-traffic-classific.pdf,pdf | selected_traffic_semantic_mapping,书目盘点；重点阅读范围见索引
W7154617102,Simulation and Analysis of Multifractional Stochastic Processes with R Package Rmfrac,2026,METHODOLOGY AND COMPUTING IN APPLIED PROBABILITY,https://doi.org/10.1007/s11009-026-10267-w,/home/syncxxx/Documents/PacketAnalysis/05_recent_papers/excluded_after_filter_audit/methodology-and-computing-in-applied-probability/W7154617102__simulation-and-analysis-of-multifractional-stochastic-processes-with-r-package-rmfrac.pdf,excluded_after_filter_audit,书目盘点；重点阅读范围见索引
W4401958895,RETRACTED ARTICLE: Simulation of Artificial Intelligence Algorithm Based on Network Anomaly Detection and Wireless Sensor Network in Sports Cardiopulmonary Monitoring System,2024,MOBILE NETWORKS & APPLICATIONS,https://doi.org/10.1007/s11036-024-02409-6,/home/syncxxx/Documents/PacketAnalysis/05_recent_papers/excluded_after_filter_audit/mobile-networks-applications/W4401958895__retracted-article-simulation-of-artificial-intelligence-algorithm-based-on-network-anomaly-detection-and-wirel.pdf,excluded_after_filter_audit,书目盘点；重点阅读范围见索引
W4410837650,A novel improved deep learning model based on Bi-LSTM algorithm for intrusion detection in WSN,2025,NETWORKS AND HETEROGENEOUS MEDIA,https://doi.org/10.3934/nhm.2025024,/home/syncxxx/Documents/PacketAnalysis/05_recent_papers/excluded_after_filter_audit/networks-and-heterogeneous-media/W4410837650__a-novel-improved-deep-learning-model-based-on-bi-lstm-algorithm-for-intrusion-detection-in-wsn.pdf,excluded_after_filter_audit,书目盘点；重点阅读范围见索引
W4409857493,A feature selection-driven machine learning framework for anomaly-based intrusion detection systems,2025,PEER-TO-PEER NETWORKING AND APPLICATIONS,https://doi.org/10.1007/s12083-025-01947-4,/home/syncxxx/Documents/PacketAnalysis/05_recent_papers/excluded_after_filter_audit/peer-to-peer-networking-and-applications/W4409857493__a-feature-selection-driven-machine-learning-framework-for-anomaly-based-intrusion-detection-systems.pdf,excluded_after_filter_audit,书目盘点；重点阅读范围见索引
W7131353627,SCNNTraffic: A lightweight and energy-efficient traffic classification method based on spiking convolution neural networks,2026,PEER-TO-PEER NETWORKING AND APPLICATIONS,https://doi.org/10.1007/s12083-026-02212-y,/home/syncxxx/Documents/PacketAnalysis/05_recent_papers/pdf/peer-to-peer-networking-and-applications/W7131353627__scnntraffic-a-lightweight-and-energy-efficient-traffic-classification-method-based-on-spiking-convolution-neur.pdf,pdf,书目盘点；重点阅读范围见索引
W4413417744,Transformer-based tokenization for IoT traffic classification across diverse network environments,2025,PEERJ COMPUTER SCIENCE,https://doi.org/10.7717/peerj-cs.3126,/home/syncxxx/Documents/PacketAnalysis/05_recent_papers/pdf/peerj-computer-science/W4413417744__transformer-based-tokenization-for-iot-traffic-classification-across-diverse-network-environments.pdf | /home/syncxxx/Documents/PacketAnalysis/05_recent_papers/selected_traffic_semantic_mapping/peerj-computer-science/02__transformer-based-tokenization-for-iot-traffic-classification-across-diverse-network-environments.pdf,pdf | selected_traffic_semantic_mapping,书目盘点；重点阅读范围见索引
W4387460393,XOR-Based Detector of Different Decisions on Anomalies in the Computer Network Traffic,2023,ROMANIAN JOURNAL OF INFORMATION SCIENCE AND TECHNOLOGY,https://doi.org/10.59277/romjist.2023.3-4.06,/home/syncxxx/Documents/PacketAnalysis/05_recent_papers/pdf/romanian-journal-of-information-science-and-technology/W4387460393__xor-based-detector-of-different-decisions-on-anomalies-in-the-computer-network-traffic.pdf,pdf,书目盘点；重点阅读范围见索引
W4403614970,Network Traffic Prediction Performance Using LSTM,2024,ROMANIAN JOURNAL OF INFORMATION SCIENCE AND TECHNOLOGY,https://doi.org/10.59277/romjist.2024.3-4.07,/home/syncxxx/Documents/PacketAnalysis/05_recent_papers/pdf/romanian-journal-of-information-science-and-technology/W4403614970__network-traffic-prediction-performance-using-lstm.pdf,pdf,书目盘点；重点阅读范围见索引
W4393302514,Intrusion Detection in IoT Network Traffic Using Markov Model,2024,SENSORS AND MATERIALS,https://doi.org/10.18494/sam4713,/home/syncxxx/Documents/PacketAnalysis/05_recent_papers/pdf/sensors-and-materials/W4393302514__intrusion-detection-in-iot-network-traffic-using-markov-model.pdf,pdf,书目盘点；重点阅读范围见索引
W4409477401,DEEP LEARNING BASED AGRICULTURE TRAFFIC PREDICTION USING GATED RECURSIVE DEEP NEURAL NETWORK IOT ENVIRONMENT,2025,SYLWAN,https://doi.org/10.59879/ty0kz,/home/syncxxx/Documents/PacketAnalysis/05_recent_papers/excluded_after_filter_audit/sylwan/W4409477401__deep-learning-based-agriculture-traffic-prediction-using-gated-recursive-deep-neural-network-iot-environment.pdf,excluded_after_filter_audit,书目盘点；重点阅读范围见索引
